user_id,skill_level,lat,lng,activity_score,reliability_score,play_style,preferred_slot,last_active_days,play_readiness_score
0,1,30.05517092848136,31.2147041836335,0.6857086089127591,0.7216203127284022,all_round,afternoon,9,0.6411
1,8,30.06193502742502,31.2692290993651,0.5119009276644848,0.7115338354669339,aggressive,evening,13,0.5061
2,7,30.04210193434628,31.28903723043797,0.5048692722767569,0.6334952266608747,all_round,morning,8,0.5422
3,5,29.90697872928861,31.22872096820445,0.4051561812334087,0.6525774855345443,defensive,evening,12,0.4507
4,5,29.83519172506939,31.36254231124808,0.7203305046960014,0.9419385560476402,defensive,evening,12,0.6938
5,9,30.02434828683123,31.32060086167892,0.7481581871540709,0.7037195050972265,all_round,evening,12,0.623
6,1,29.98225791730893,31.21946767068802,0.6916988799625732,0.602130559592584,all_round,afternoon,6,0.642
7,7,30.05675086173733,31.30000974497095,0.8237306886911598,0.6425553604707737,aggressive,evening,5,0.7289
8,3,30.0761562900977,31.39470347881505,0.665816174674531,0.8850556021045834,aggressive,night,14,0.6227
9,1,30.03105931456469,31.39683876806264,0.7205619687258362,0.8213409949746717,defensive,evening,11,0.6651
10,6,30.08081064683007,31.1417600095342,0.7046907366147613,0.8040493767348385,aggressive,evening,13,0.6252
11,10,30.03833690992921,31.16587735110743,0.6335227965047227,0.6813718201635313,all_round,evening,8,0.6169
12,8,30.06240517644812,31.35879350293871,0.5544520709366635,0.8060043705259418,all_round,afternoon,13,0.5583
13,8,29.96362613897041,31.15533751593299,1.0,0.6234658312574027,aggressive,night,10,0.7349
14,8,30.00563108689348,31.13419670933666,0.5686488236263685,0.6810578952981338,aggressive,afternoon,11,0.5476
15,8,30.03574208773255,31.20110446954407,0.5301420119983214,0.8654706731087618,all_round,evening,2,0.7148
16,6,30.08564227803339,31.27361813675796,0.7281217682210193,0.8511416518378596,defensive,morning,8,0.7189
17,2,29.98850070622203,31.23180826347111,0.695333794753101,0.5727135231073794,all_round,afternoon,10,0.58
18,9,30.06169338045857,31.18795491036755,0.3971375214301411,0.5916710320637136,all_round,evening,11,0.4391
19,5,29.99873289664677,31.18606300306204,0.8520820858214729,0.7363053229220115,aggressive,evening,14,0.6545
20,6,30.01059662661375,31.18301303484698,0.63304497643685,0.9789198562004264,all_round,night,4,0.7742
21,4,30.08636152336193,31.16963922970728,0.4500324028611703,0.4326652253296508,aggressive,night,4,0.5006
22,2,29.86055517031567,31.42253063018208,0.8639811405836973,0.7617499409355756,all_round,morning,14,0.6687
23,10,29.91628221375402,31.26380088569484,0.7626216028873077,0.5135935002640277,defensive,afternoon,14,0.5363
24,8,29.90142516820458,31.31094072435238,0.4223824414493755,0.6248503509711681,all_round,afternoon,2,0.5821
25,7,29.83331071041214,31.20087380255049,0.9698929112463903,0.6653357372903638,aggressive,evening,5,0.8027
26,5,29.96573884478758,31.22512346582511,0.7685835263059148,0.6569237484844663,aggressive,evening,14,0.5891
27,9,30.07995471197822,31.18291568149037,0.6481646991874918,0.6399306090511188,aggressive,night,2,0.689
28,6,29.99720927468939,31.02786333320646,0.9362393850119204,0.7210810590564555,all_round,evening,11,0.727
29,5,30.03582320655535,31.12975925785217,0.6786736010893353,0.6397116650054132,defensive,morning,1,0.716
30,5,30.10713739973686,31.09515050560157,0.6449450464812743,0.500631392271877,aggressive,evening,2,0.6388
31,3,30.12621489058142,31.06001729776387,0.531145979116042,0.8369804418784165,all_round,evening,11,0.5853
32,1,30.01446896522191,31.14437128205615,0.7547330790752742,0.8329308250723321,all_round,evening,9,0.7112
33,6,30.12828687116555,31.34599645435053,0.7357885341183164,0.8464761465034003,aggressive,morning,8,0.7207
34,9,30.02737013267473,31.23644510658365,0.652642425180148,0.4888898255603877,aggressive,afternoon,12,0.5048
35,1,29.9530081420938,31.34324510098569,0.5078024563038315,0.7648377228876226,all_round,evening,4,0.6429
36,9,29.9724479718241,31.27287860615207,0.6733873737498933,0.8213968283710384,all_round,afternoon,7,0.6972
37,9,29.9015570789948,31.30260470605721,0.6374362185628152,0.5653196897340622,all_round,evening,9,0.5647
38,3,29.94894929170131,31.16792824037563,0.4099746226278438,0.7213759872273193,defensive,afternoon,11,0.4903
39,7,29.99135866495405,31.28191607633541,0.3850737767616466,0.7025600032034451,defensive,evening,4,0.5658
40,2,30.08428680155029,31.29829713872595,0.7517276081857586,0.9963225987852395,defensive,evening,9,0.767
41,8,30.15766158649328,31.1938682166213,0.181660103290696,1.0,defensive,night,6,0.5517
42,8,29.90942547876984,31.28476322964929,0.6869738948530268,0.4703465410004699,defensive,morning,8,0.5671
43,4,30.05142619746079,31.28529502068599,0.5639450496043116,1.0,defensive,morning,12,0.6438
44,1,29.9367564848674,31.19603579030959,0.8854843892383838,0.5827161418270014,defensive,afternoon,5,0.7358
45,10,30.05797576707706,31.15017852541832,0.5611757223523024,0.8671009941491139,defensive,evening,10,0.6227
46,5,30.00951306794498,31.14526973344813,0.7687071585653413,0.8655746971295596,defensive,afternoon,14,0.6622
47,9,29.8735275339322,31.24692044335372,0.5785555085771975,0.5706464659737289,defensive,evening,11,0.5134
48,7,30.09426375932548,31.26616078950314,0.6704746676275058,0.7939901690758648,all_round,afternoon,14,0.5929
49,8,29.9715999429753,31.17659793356336,0.7826305755656092,0.7038699383600904,all_round,morning,8,0.6919
50,8,29.97728798093011,31.24212682730609,0.5667399710615756,0.8031495006948586,all_round,evening,4,0.6828
51,2,29.93441980709682,31.28564296289108,0.8293798792097127,0.7546008453570938,defensive,evening,14,0.6507
52,4,29.967657337865,31.28945525717322,0.471134382120833,0.899450922805537,all_round,night,9,0.6068
53,5,30.05423123525559,31.3641504096098,0.7030267116605082,0.7313099314719093,defensive,evening,3,0.7323
54,5,30.00486045272509,31.34215846657584,0.8160751501018135,0.6948188895860533,defensive,evening,4,0.7571
55,1,30.0462929601826,31.15989668537948,0.7688067485222603,0.884409634958577,defensive,evening,3,0.8155
56,6,30.04895374831431,31.37468689676304,0.9949600778123739,0.8070593947287905,aggressive,evening,12,0.7702
57,2,30.12565293244225,31.19752187963554,0.5125809228840812,0.8297720091481331,defensive,afternoon,1,0.7077
58,8,29.99257710793085,31.32358982499635,0.4017531347572542,0.6203119991612105,defensive,evening,11,0.4512
59,7,29.90185137465234,31.24543893008408,0.4710196804708785,0.5632105827902288,defensive,evening,8,0.5024
60,10,30.10537779332576,31.20702804972344,0.7688796619787187,0.6348416785120947,defensive,afternoon,1,0.7549
61,8,29.99348094623222,31.095384251218,0.7396261281684882,0.6268767921479117,all_round,evening,9,0.6322
62,4,30.10916739556619,31.22627483918269,0.6684061987365348,0.8379298902979371,all_round,evening,11,0.6474
63,10,30.0506701690546,31.11524934117555,0.4478677311607167,0.8663976075441078,aggressive,evening,10,0.5714
64,5,30.00950899758373,31.31738393886742,0.788036112799231,0.6967304565701399,defensive,morning,7,0.7051
65,4,30.0479020715237,31.36134341257114,0.4295531400229028,0.9346378528236529,aggressive,evening,5,0.6538
66,10,30.1760810048101,31.17624712085626,0.858610924827842,0.9252704090647694,defensive,night,2,0.8836
67,4,30.1861584423243,31.26415765940154,1.0,0.7565098374600808,defensive,morning,0,0.9148
68,1,30.02555049081062,31.18196867823936,0.7159612063828791,0.5967162342685439,all_round,afternoon,5,0.6644
69,5,30.03281524746536,31.18972122158906,0.7549594644183938,0.956306497415331,aggressive,morning,9,0.7544
70,8,30.10609921259731,31.30195957630923,0.5612852415987993,0.7108473973457388,aggressive,morning,0,0.7014
71,2,29.95234711737861,31.23691693905253,0.3241616022043731,0.7389247794646462,defensive,night,14,0.4178
72,5,30.04664562980946,31.37917184335448,0.54151051465456,0.6690592461590147,all_round,evening,8,0.5712
73,2,30.01793097216369,31.20142140170377,0.4532788566022251,0.5865314510554204,aggressive,afternoon,4,0.5559
74,7,30.0451126569166,31.31994690659796,0.3895391762452972,0.4997040854527062,defensive,afternoon,14,0.3635
75,5,29.95333049552405,31.24779307303662,0.9600247895592169,0.8149302485335932,aggressive,night,2,0.8906
76,4,29.89283460053528,31.30366224077954,0.6991152532446392,0.6024898419155069,defensive,afternoon,14,0.5388
77,3,29.8541613251207,31.2042273874136,0.7183437645105171,1.0,all_round,evening,4,0.8199
78,6,29.93060927096083,31.23603529299587,0.5943759742646751,0.5570889626081281,aggressive,afternoon,5,0.5958
79,7,29.98330597720485,31.23076008965608,0.6188832051601815,0.5313926287527945,aggressive,morning,6,0.5845
80,10,29.9965446730681,31.17311543081233,0.82361912280308,0.7965208073420161,all_round,evening,14,0.6627
81,5,30.17497849299436,31.29296652276654,0.6441793186348612,0.9493970218450942,all_round,morning,3,0.7822
82,2,30.10847946959258,31.29201992044627,0.7455249088444519,0.7296884485414832,defensive,evening,14,0.6042
83,9,29.94303271069267,31.28748437559245,0.6147192263878971,0.8058363630280911,all_round,afternoon,5,0.692
84,7,30.04781667619608,31.36295725231341,0.5884124796682315,0.4434678873811935,all_round,evening,4,0.5667
85,8,29.98743374109197,31.3559475840989,0.3967554501916649,0.618373268146235,aggressive,evening,9,0.475
86,1,29.99725089295679,31.21000442481207,0.294005168773917,0.5589576406293649,aggressive,evening,10,0.3946
87,4,30.03482605195323,31.26984418547473,0.6029188578080477,0.4357431225078178,defensive,morning,5,0.5572
88,8,30.06953368935803,31.19011194485934,0.6601694045587819,0.737547035103583,aggressive,evening,2,0.7286
89,9,29.99285932128928,31.24186842528916,0.4184965933924177,0.383575856758435,defensive,night,5,0.4559
90,5,30.10510812261875,31.19202004407049,0.6437945242937662,0.5216706050868827,all_round,afternoon,8,0.5656
91,9,29.92864494190861,31.36960562473088,0.6596754613382904,0.6394209308979872,aggressive,afternoon,0,0.7207
92,9,30.02050712498898,31.26909585202744,0.2619185589093118,0.5953071246073385,aggressive,evening,1,0.5129
93,4,30.22781389812767,31.22255766975164,0.4852775612936898,0.7794612753310601,aggressive,morning,13,0.5179
94,9,30.03784637941002,31.33548948574851,0.7233075008723844,0.765837028785372,defensive,evening,0,0.7935
95,3,30.13465716052849,31.06635076721637,0.7196705712912339,0.8540698118903185,all_round,evening,6,0.7428
96,3,30.02732161425386,31.07887179241078,0.4423385150480431,0.8328575599069017,all_round,morning,11,0.5439
97,7,30.06646216762638,31.30366709241758,0.6785206490899524,0.8911219184042071,all_round,evening,4,0.7639
98,7,30.01545734444858,31.24483747584939,0.834033300564885,0.7197122399986419,all_round,evening,7,0.7339
99,2,30.00636739350686,31.26003570402086,0.7898731326183617,0.7655200351225004,defensive,afternoon,1,0.81
100,9,29.95764140826197,31.13388831173452,0.6328485583374918,0.7967270552878787,defensive,night,11,0.617
101,2,30.0544241087166,31.23814130313197,0.5657642636016273,0.7412485046086539,all_round,morning,9,0.594
102,9,29.95187702486514,31.40028075283211,0.5367179928197893,0.6604208535124388,defensive,afternoon,12,0.5127
103,1,30.07324681890507,31.30593596958367,0.7342075609237383,0.6701336198490344,defensive,evening,12,0.6049
104,8,30.10682296035567,31.25357652361143,0.6851187151657199,0.5973662402505051,all_round,afternoon,5,0.6507
105,8,30.04932251257898,31.2048756871916,0.7632927210983961,0.7832425244864745,defensive,evening,0,0.8176
106,8,29.99710010131555,31.20843417185045,0.6737372863618074,0.7058977238872266,aggressive,morning,5,0.6836
107,7,30.05631724634469,31.069664168864,0.7973775110625395,0.6205239374044853,defensive,evening,2,0.7493
108,5,29.99530615555629,31.26061123367369,0.6670266559323861,0.6206632771013111,defensive,morning,7,0.6241
109,8,30.09484377003721,31.30763864867855,0.7912439689037036,0.5384401908325817,aggressive,evening,2,0.7178
110,3,29.87348751326279,31.11395045382635,0.8067480986659951,0.86682620118558,defensive,evening,13,0.6931
111,8,29.99315141055051,31.18708664861545,0.5051852065595336,0.7317926504297682,defensive,evening,9,0.5635
112,6,29.86073504039008,31.14740282942132,0.3245340715632657,0.5905799970640094,aggressive,night,3,0.5127
113,5,29.90039513358182,31.1627719044153,0.9278287140826196,0.8412821624403027,all_round,evening,13,0.7386
114,6,30.12910897838511,31.24427853014575,0.6961985715282071,0.635932678530844,defensive,evening,11,0.5892
115,6,30.09161479855774,31.07324782760092,0.3413925388106981,0.5090249059481651,defensive,evening,6,0.4518
116,1,29.96244158133722,31.28914163506856,0.5215124905006321,0.87318334338287,aggressive,night,2,0.7136
117,2,29.89979972351673,31.30030840559469,0.7889373726265692,0.639435451565083,all_round,evening,5,0.7122
118,3,29.78283769297267,31.21991179295705,0.5996581703960793,0.6586651364686815,all_round,night,8,0.5937
119,2,29.97652035936539,31.04154331920124,0.5578289445225572,0.7261770030523766,aggressive,afternoon,11,0.5585
120,5,30.21363320097979,31.16028650991981,0.902158734856334,0.8913883834185172,all_round,evening,3,0.878
121,7,30.05479074171709,31.33863215472821,0.4614883136509141,0.7230055936299468,aggressive,evening,11,0.5141
122,7,29.97523421711604,31.01776045754171,0.5063323956041299,0.5401324310782154,aggressive,afternoon,4,0.5636
123,5,30.05720641676002,31.21219812702452,0.6880495655086882,0.801581550616827,all_round,afternoon,3,0.7502
124,9,29.89512333176044,31.14559993772262,0.7202818877696988,0.6472515413607414,all_round,night,6,0.6707
125,6,29.99621413098419,31.30436562412678,0.7393417461813316,1.0,all_round,evening,2,0.856
126,1,30.02795819784126,31.18599088382852,0.8140228480224104,0.7198320417003164,defensive,afternoon,6,0.7383
127,8,30.01311194785432,31.27231632165885,0.685744151722673,0.3847446753152001,all_round,afternoon,5,0.5766
128,6,30.08326448973521,31.28523683353352,0.7380891090089137,0.773604745823351,aggressive,afternoon,4,0.7496
129,7,30.04757161809889,31.3868980671784,0.603342333323285,1.0,aggressive,evening,11,0.6748
130,6,30.07346608144864,31.22376464450597,0.6612856945826086,0.9563880432818084,aggressive,night,4,0.779
131,6,29.96493021742154,31.27008354956981,0.6693561524096542,0.9946431433134848,all_round,night,10,0.716
132,1,30.09182523267284,31.1211955616698,0.6887176644474265,0.5670359721927805,aggressive,evening,10,0.5751
133,6,30.15031495580992,31.3352330850635,0.789057165364897,0.8568228593965168,aggressive,evening,9,0.735
134,8,29.94238803842789,31.17915929215429,0.7499262227500696,0.6117008190394932,aggressive,afternoon,4,0.6982
135,4,29.94898434754284,31.19513966687298,0.657959060522033,0.7536434099125386,all_round,night,12,0.5999
136,7,30.12686274690562,31.23822017641206,0.5043573227106128,0.5290571356890401,all_round,afternoon,3,0.5721
137,1,30.0046924810644,31.11496925237281,0.6621808264512877,0.6233316352675925,defensive,morning,4,0.6628
138,4,30.13230571136532,31.25830160231432,0.6449567987187661,0.6185629953954577,defensive,night,13,0.5334
139,5,29.98459714304862,31.317397301834,0.6847726843663757,0.8547832920213924,all_round,night,5,0.7407
140,10,30.13640364610166,31.26343470587978,1.0,0.8401078682504483,aggressive,afternoon,10,0.8107
141,3,30.03051886534444,31.1128881948657,0.5557208998625777,0.7615229593996231,all_round,evening,0,0.7166
142,3,30.04065830586581,31.23009525645363,0.7260120234425648,0.5174367872916922,aggressive,evening,9,0.5878
143,5,30.14517744173359,31.29936231223836,0.8423231721039737,0.673254084907542,all_round,afternoon,13,0.6414
144,10,29.99105836180447,31.08976089872273,0.6676403445378889,0.608082527558591,all_round,afternoon,10,0.5799
145,9,29.944710232326,31.15401871889458,1.0,0.8504513635041736,all_round,morning,8,0.841
146,1,29.98411486335773,31.31012348832652,0.5819529274883342,0.8967277279225776,aggressive,evening,12,0.6157
147,3,30.05618671605145,31.26160763473578,0.7083360600176085,0.8784578379046324,all_round,evening,4,0.7729
148,9,29.89473927422556,31.27295772657014,0.5062149659192633,0.6067170870874469,defensive,evening,5,0.5735
149,1,30.07099767221209,31.38875958460986,0.5867255476742073,0.3090700316565781,defensive,afternoon,1,0.5589
150,9,29.97689829459058,31.2774842222805,0.6948081038713985,0.4549557152804918,all_round,night,10,0.5386
151,3,30.11182501285868,31.29263104083465,0.8023347312153913,0.9332440467123312,all_round,evening,10,0.7544
152,10,29.82845917560796,31.45685964217746,0.7074370701242434,0.6598117591020264,aggressive,night,11,0.6026
153,3,29.95707473799166,31.22289563535276,0.8766406728802525,0.607391307260233,defensive,morning,11,0.6604
154,5,29.88508254790127,31.17616937891052,0.6329062440933191,0.9663990440154351,all_round,evening,1,0.8097
155,7,29.95390164269088,31.27422371185977,0.5902096646289791,0.909773991823249,aggressive,evening,9,0.664
156,2,30.03981327208871,31.27511928235111,1.0,0.723667308287968,all_round,afternoon,11,0.7566
157,6,30.00566186996402,31.1978627686443,0.7209627768995656,0.6759895363404039,defensive,afternoon,3,0.721
158,6,29.99972979448416,31.15740823843561,0.5204933217238614,0.7001848180780312,all_round,afternoon,7,0.586
159,8,30.0072652102896,31.4247875537672,0.5250325227953476,0.7540744197581198,all_round,afternoon,13,0.5269
160,10,30.0362710592496,31.26614747763104,0.4803176153843587,0.9600070921979411,all_round,evening,6,0.6721
161,7,29.93931711664455,31.18141716948783,0.8185824840542218,0.783370113635584,all_round,afternoon,11,0.6959
162,5,30.07654797127192,31.31327442418237,0.5844120872792165,0.8289043549558712,all_round,afternoon,7,0.6598
163,5,30.07301327763084,31.23126838787509,0.6729252456181675,0.8953905163605257,aggressive,evening,9,0.6962
164,5,30.05080303501249,31.21976948429457,0.6385684386011117,0.5445485998463371,all_round,morning,9,0.5579
165,9,30.0645226754201,31.28498182975316,0.7816686334293682,0.8332292838711064,all_round,afternoon,9,0.7234
166,4,30.04371344006469,31.13664941854146,0.4975860632808764,0.6758146868007583,aggressive,evening,11,0.5138
167,2,30.18280586421848,31.26821017631337,0.4563969884942572,0.3425857206340851,defensive,morning,13,0.352
168,4,30.0130324663158,31.39303638461854,0.690373515292687,0.4007745687021282,aggressive,afternoon,4,0.5976
169,1,29.99543334253323,31.27729421297578,0.7581726712459815,0.5672823582721971,all_round,afternoon,13,0.5664
170,2,29.95971779357141,31.20990303169732,0.7098558163575753,0.7996834842888871,all_round,morning,9,0.6793
171,1,29.93741898635377,31.19943157756574,0.504298328762481,0.7370699348010444,all_round,evening,8,0.5782
172,8,29.92044225699192,31.20717280213239,0.7719472715764509,0.7476550060763496,all_round,morning,4,0.7557
173,8,29.94889621494153,31.21968298575618,0.5161050331227859,1.0,defensive,afternoon,6,0.7022
174,7,30.01434556946784,31.20977547737934,0.556123043938451,0.5296365577710281,all_round,night,9,0.5156
175,5,30.04674361027982,31.31330491528596,0.4800883655500396,0.7158849968724414,defensive,night,5,0.5999
176,8,30.02409136468417,31.10134327174328,0.8842085027573656,0.7656653284220724,defensive,afternoon,4,0.8125
177,2,29.95875717780562,31.30896000403297,0.7640158773849228,0.6095590325192497,aggressive,afternoon,12,0.5972
178,10,30.0920147651216,31.20962507798859,0.7588988076221972,0.7242490117624412,aggressive,evening,6,0.715
179,6,30.07915301378408,31.27015582285563,0.8744980558056411,0.4800075998873483,all_round,evening,9,0.6415
180,10,30.00722813540624,31.14984096718393,1.0,0.9314859325912541,aggressive,evening,0,0.976
181,2,29.96776670842682,31.34629048534795,0.342339301296172,0.6177578171204349,all_round,morning,1,0.5569
182,5,30.06387423366638,31.33965079681375,0.5170922154421206,1.0,all_round,morning,12,0.6227
183,7,30.03503788699889,31.31676724206,0.5390884848485857,0.7151288514123817,all_round,evening,2,0.6662
184,5,29.9041498192468,31.11881961793652,0.4968524679711153,0.8742080348098774,aggressive,night,11,0.5829
185,5,30.01456157952125,31.30632968568528,0.4560350154313317,0.7120045696513269,defensive,night,13,0.4811
186,2,30.04096286496595,31.27238840701085,0.5960624484700342,0.7153884251609205,all_round,morning,7,0.6253
187,4,29.94802441708098,31.11157830022939,0.4310113312479071,0.6323956000166988,defensive,evening,13,0.442
188,3,30.03518747142699,31.23805620929833,0.7103076261567344,0.7378685894049416,aggressive,morning,6,0.6979
189,4,29.90361420117938,31.26916275912266,0.6593056978571507,0.767699804162107,all_round,evening,14,0.5787
190,7,30.12689488800097,31.28448602190585,0.736585159657458,0.6023612236627229,aggressive,night,3,0.7023
191,7,30.11983599880475,31.25418090935591,0.7413911212948855,0.7012433376210173,all_round,evening,6,0.6991
192,7,29.99979861325576,31.26329851334779,0.7585412336168018,0.6284851700914329,all_round,morning,5,0.6946
193,4,30.04907634702712,31.35788891138025,0.5827863913717012,1.0,defensive,evening,11,0.6656
194,10,29.82720624273601,31.33808271279285,1.0,0.7065403845132572,all_round,evening,0,0.8973
195,1,29.92749218717877,31.01063560369738,0.6921976009667776,0.9517848227544838,all_round,evening,12,0.6846
196,4,29.99649768638783,31.21460491561298,0.3147527445275369,0.6906566503788467,aggressive,afternoon,0,0.5834
197,2,29.93422935828585,31.22682791779648,0.4695723657620809,0.7588931462302362,all_round,night,4,0.6236
198,4,30.07715171861045,31.09983211418184,0.3367094619749932,0.5217953892532096,all_round,afternoon,8,0.4275
199,10,30.17978372245984,31.24753464465858,0.6531202332472353,0.6529391112198203,all_round,morning,2,0.6958
200,4,29.92587082244566,31.33990062179284,0.6280750596704,0.7515802006183869,aggressive,afternoon,7,0.6524
201,10,29.95300292767318,31.15307457123275,0.5656833743780976,0.9579005746439799,aggressive,morning,14,0.6032
202,5,30.03883586946479,31.26691207509519,1.0,0.7532974166514407,aggressive,afternoon,12,0.7537
203,7,30.14888929187997,31.16673412181628,0.7488169173338439,0.9275580541789499,defensive,evening,0,0.8616
204,5,29.92221005499681,31.18624703810562,0.7806977050603402,0.816109366530438,all_round,morning,8,0.7303
205,3,30.03992288978456,31.3581914907336,0.4824067721704214,0.9641102009197029,aggressive,morning,8,0.6479
206,8,30.16570390806505,31.19659537439105,0.4701539195604179,0.7111436674042416,defensive,morning,1,0.6471
207,10,29.88785926814566,31.27697699912085,0.6566249898374519,1.0,aggressive,morning,9,0.7255
208,3,29.91751446345233,31.09030255071512,0.6811412851374007,0.6471905695628816,all_round,night,7,0.6397
209,8,29.98611147148313,31.38898540491159,0.3158639179193978,0.6050307248703496,defensive,night,10,0.4206
210,3,29.97835292697157,31.28821219570452,0.6175447358870839,0.5384920725466449,defensive,morning,4,0.613
211,8,30.08500810302029,31.22540001258798,0.6525329749172308,1.0,defensive,evening,3,0.8036
212,8,30.03933277758567,31.28604372079999,0.6112731501611968,0.8429171358926846,all_round,evening,11,0.6234
213,5,29.87800303522863,31.12721444568417,0.5035897257775983,0.6698818899929537,defensive,night,10,0.5277
214,8,30.06123283223206,31.33460245934021,0.5528836672541948,0.9073534045310242,aggressive,afternoon,2,0.7397
215,3,29.97379688901155,31.21408121796028,0.6181653451568967,0.8231538277676673,defensive,afternoon,3,0.7263
216,1,30.1219557773553,31.22367443879612,0.6663440042498087,1.0,defensive,evening,8,0.7432
217,1,29.96979299708505,31.20066755080276,0.7588624848591022,0.4878250750890133,defensive,night,12,0.5522
218,5,29.96907077735182,31.19354788778035,0.8445541168911568,0.6801959837528618,aggressive,evening,3,0.7781
219,10,30.06329052886436,31.29557364893027,0.5970174097650951,0.6506217924085762,aggressive,evening,3,0.6564
220,2,30.08103411858696,31.26047254800834,0.5678918846992356,0.4239475985387098,all_round,afternoon,12,0.4439
221,5,30.0558479491149,31.29213985131224,0.7287780212361752,0.8790490807169541,all_round,evening,10,0.7023
222,8,29.88515221460921,31.23929642484115,0.7599520849539538,0.6794405166294962,all_round,night,13,0.6064
223,3,30.06304275519426,31.28105598488617,0.5718439220134006,0.8309446807479843,defensive,afternoon,11,0.6015
224,8,29.93725535586605,31.206492100486,0.7922708258539111,1.0,all_round,evening,14,0.7199
225,4,30.03882208892706,31.41837854731276,0.8263253614080752,0.6670134462258588,all_round,evening,2,0.7786
226,9,29.90610124516807,31.11456556668556,0.8825035638185612,0.6568270526014267,all_round,evening,4,0.7737
227,6,30.05570577180345,31.34087498588504,0.970097763209568,0.7377996254585993,aggressive,evening,3,0.8548
228,6,29.95547208765541,31.34943259605767,0.494045095041301,0.8680871029475115,aggressive,evening,0,0.7262
229,2,29.91738922797916,31.17182729552275,0.652501677679852,0.6349930462034775,aggressive,night,11,0.5692
230,5,30.07710561091859,31.41834188884448,0.6520299853913588,0.6253557604301804,defensive,evening,9,0.5923
231,9,30.03933156173414,31.31963922263562,0.6323467576641486,0.8785783905362048,defensive,afternoon,1,0.7787
232,1,29.97088185588857,31.31769112054583,0.5331326744701755,0.7767958985757053,all_round,afternoon,2,0.6851
233,8,30.13609430792168,31.24224177496207,0.3825988394184072,0.4132907605492769,all_round,morning,2,0.4902
234,5,29.98474780627442,31.2226219073425,0.6666823002852207,0.5361912300796338,all_round,afternoon,6,0.6077
235,8,30.02256861391767,31.22324729383683,0.5116959812813757,0.9451853795740814,defensive,morning,6,0.6811
236,7,30.04151307581429,31.27124244770556,0.6654788265345726,0.7802892424618219,defensive,evening,4,0.7192
237,5,29.97042672526971,31.35209490200271,0.5070721624942064,0.6056706103444126,all_round,morning,13,0.4668
238,4,30.05769090347199,31.25450513742891,0.4520614977480186,0.6944385514147526,defensive,afternoon,3,0.6065
239,7,29.97732381222682,31.16708451014901,0.6921737048678416,0.7219855009202505,all_round,evening,8,0.6575
240,2,29.9870689342227,31.3059541649908,0.6771658748251693,0.8303600040420245,all_round,afternoon,6,0.7154
241,6,30.12901141118427,31.31369205971158,0.754270754837768,0.5162604907711815,defensive,evening,5,0.6534
242,1,29.936753115799,31.29237276227582,1.0,0.5938576291994313,all_round,night,12,0.6979
243,7,29.82697757352564,31.299639912522,0.6999121156179524,0.7609433632295083,all_round,evening,14,0.5946
244,7,30.14887495960095,31.21832574958738,0.7373147180715434,0.7050248129256824,all_round,afternoon,0,0.7786
245,1,30.22394623620856,31.16568086662955,0.4560389608038815,0.8057788773955065,all_round,afternoon,6,0.6072
246,8,29.98757845876405,31.17054452554873,0.4183566607034526,0.5355738903960603,all_round,evening,1,0.5624
247,5,29.86505295675039,31.10916294012337,0.9349093004192001,0.7735693014406981,all_round,evening,6,0.8115
248,8,29.99516128190432,31.25895588892367,0.4837736396120054,0.8837375429066208,all_round,morning,9,0.607
249,1,29.99710216401274,31.23332409734187,0.4620900671356445,0.7930227820723925,aggressive,evening,6,0.6055
250,2,30.00480609271822,31.20480098363762,0.6429621941810205,0.7408667609642388,defensive,evening,4,0.6953
251,5,29.93092895664625,31.00355049405239,0.6337653655920701,0.7056174596151044,all_round,afternoon,4,0.6788
252,2,30.06636489139812,31.14021460242446,0.4875488288402076,0.5947723270842747,defensive,evening,4,0.5742
253,4,30.06196059002288,31.32966725211225,0.595104820631642,0.7092002111340318,aggressive,morning,4,0.6627
254,7,29.90044755041446,31.18682991999495,0.8712876291770189,0.9089558779320609,all_round,afternoon,5,0.8435
255,2,30.07593573853559,31.26884733421254,0.5049211504102764,0.7021457240099812,all_round,evening,10,0.5396
256,7,30.18421479855567,31.12874516560198,0.3991389528140891,0.5865294015977385,defensive,afternoon,1,0.5716
257,2,30.03375682659496,31.35509643858874,0.8196668517619626,0.646162936685192,aggressive,evening,0,0.795
258,2,29.99301398703452,31.22847778719563,0.7386134441488467,0.7501275445913895,defensive,evening,7,0.7016
259,6,30.0086397428474,31.26320323171868,0.5383066482832409,0.6639729004228729,all_round,afternoon,10,0.5413
260,8,30.06922054135748,31.42606238335053,0.3652099370971548,0.7927954924594711,all_round,night,3,0.6018
261,2,29.88154627155942,31.36131520804715,0.5159677958410587,0.7984265641123546,all_round,afternoon,3,0.6716
262,3,30.03315125623818,31.21547475029703,0.6401532013671312,0.8533474770606972,aggressive,afternoon,9,0.6667
263,10,29.98876288404297,31.19254238521037,0.8598209761790875,0.9335339208397548,all_round,night,5,0.847
264,10,30.16782600103648,31.21395639907844,0.4634152445234618,0.869378808655854,aggressive,evening,11,0.5662
265,6,30.0060661812956,31.28079185987812,0.6347864213279348,0.579864140377806,all_round,evening,2,0.6619
266,5,30.15343100888956,31.23158206925993,0.7715260387810816,0.5844698330135591,all_round,morning,1,0.7384
267,4,29.93170074417744,31.20838046839972,0.2213718787780543,0.7086342785310263,all_round,morning,8,0.441
268,7,30.06698073334422,31.35737450005672,0.836081510229002,0.6523236964140878,aggressive,evening,5,0.7379
269,6,30.0455520211033,31.23086320865777,0.4371588970028413,0.5492509909558586,aggressive,afternoon,10,0.4556
270,3,29.95047622017082,31.42396712744299,0.7097591888222482,0.6537462308740508,aggressive,afternoon,7,0.6549
271,1,30.03419168917095,31.24725940510017,0.694402966929934,0.6488230599571441,aggressive,evening,5,0.6729
272,2,30.11700150694653,31.38282547153798,0.8452255504634921,0.6192228390358191,all_round,afternoon,2,0.7704
273,10,29.99409666365707,31.26858555381685,0.7491663885608373,0.6726315770767491,aggressive,morning,2,0.7459
274,5,29.88464298806642,31.31703684585995,0.2220877114886035,0.8967676275477496,defensive,morning,11,0.4671
275,5,30.0185949738818,31.18203111587858,0.5087397355119216,0.7498857061873858,aggressive,evening,3,0.6514
276,5,29.9478061524166,31.17169926219301,0.6748769232835904,1.0,aggressive,evening,7,0.7604
277,8,29.99261272490689,31.2767764764012,0.6149036204984384,0.7455762279029474,defensive,night,12,0.5777
278,1,30.01347297842519,31.31908425939722,0.7359699313562187,0.6764901339094123,aggressive,morning,13,0.5946
279,1,29.88354782271876,31.24322052016004,0.792085980020547,0.7206199323982299,all_round,afternoon,4,0.7553
280,3,29.89074733285435,31.1370885331933,0.7595213125573422,0.7584737967665309,defensive,evening,1,0.7939
281,5,30.05856534684204,31.13117933069685,0.6114305103401962,0.7852880935756595,defensive,afternoon,11,0.6033
282,7,29.97818250430642,31.1258290878251,0.3176593379983136,1.0,defensive,evening,10,0.5596
283,5,29.81482045265436,31.09859023096485,0.5680133752061329,0.5932019302533647,aggressive,night,4,0.6099
284,5,30.08278752292865,31.24875882875576,0.7249462666650119,0.8488569087266603,all_round,evening,8,0.7167
285,10,30.04178958042194,31.33000351373664,0.4537194945409141,0.7511625896421186,defensive,evening,2,0.6404
286,2,29.96289001407708,31.23892673704601,0.7636294514218838,0.4843353386144074,defensive,night,10,0.5798
287,6,29.91465358311534,31.05916681941297,0.8135107935081148,0.8356048173142144,aggressive,morning,10,0.7252
288,6,30.08686463170515,31.22473916317324,0.6728360557332517,0.9101435341205857,all_round,night,4,0.768
289,5,30.04794804980483,31.22697608026939,0.0985196240637688,0.5914235394333855,all_round,evening,7,0.358
290,9,30.21060818261472,31.40767990001804,0.4199440947118754,0.7186599198162044,aggressive,evening,5,0.5738
291,3,30.053615087898,31.12342896696643,0.9895140485400947,0.4611968606988445,all_round,night,0,0.8067
292,10,30.05101625130096,31.20874579179206,0.551623197254892,0.5311790310473495,aggressive,evening,1,0.6208
293,4,30.00664576559132,31.37646821444356,0.2928542198367808,0.8772044366425878,all_round,evening,14,0.4521
294,6,30.08534206937606,31.27599826730772,0.872344529895849,0.6500375240988848,aggressive,afternoon,6,0.7401
295,6,30.07000681609985,31.28506504588131,0.6524040064778611,0.5536795537592941,all_round,evening,2,0.6607
296,9,30.12013800068522,31.24916675496191,0.8488892880123906,0.7544190546687645,aggressive,evening,0,0.846
297,5,29.97829416650902,31.26639548309258,0.6998525615394857,0.6416381352853465,all_round,afternoon,5,0.6728
298,3,29.98516740216448,31.30220876242228,0.7325406445181905,0.6493767513336696,aggressive,evening,14,0.5703
299,1,29.98167174632704,31.17524109448858,0.715341664588613,0.8308989038512354,defensive,evening,5,0.7461
300,4,30.08326413769432,31.31024468631265,0.77554789614578,0.545739996159848,aggressive,afternoon,14,0.5533
301,9,30.13986995522374,31.13015975864916,1.0,0.5841952180977251,all_round,morning,7,0.7611
302,1,29.98329276054806,31.26626943782652,0.8247811404726538,0.7431119988223303,aggressive,evening,11,0.6846
303,9,29.98601810177655,31.25429927706291,0.3655389227878038,0.8654114686122307,aggressive,morning,11,0.5207
304,6,30.04512617790958,31.19069655294463,0.7303990727502027,0.9057240452234774,aggressive,morning,0,0.8457
305,2,30.00033907999897,31.23818517797395,0.8554665382585792,0.6202407419457565,aggressive,evening,0,0.802
306,4,30.09616429225119,31.19019678778675,0.8664861451765062,0.8606065450379472,aggressive,morning,13,0.7178
307,6,29.83985781675048,31.15426389385106,0.5732111030493621,0.6023786559794386,all_round,afternoon,13,0.4954
308,4,29.95386359624665,31.21171082067091,0.859690000133863,0.9939314020360199,all_round,evening,1,0.9214
309,2,29.95740669328308,31.15168090917027,0.8169936319192169,0.5499343461870407,aggressive,afternoon,9,0.6401
310,7,29.83437151900911,31.26582379712746,1.0,0.9192718216187596,all_round,night,13,0.7984
311,7,29.9429089244505,31.14799316046781,0.5149996874752679,0.6215270839771914,all_round,night,14,0.4626
312,2,29.94678751073232,31.29695816183928,0.5586678962479235,1.0,aggressive,evening,4,0.7481
313,3,30.00391162763849,31.14548167456569,0.5948985712772084,0.8086981093278727,all_round,night,12,0.5907
314,3,30.10903727133282,31.19469640675352,0.5617600129930205,0.5675975205887667,aggressive,night,9,0.5315
315,7,30.00039514790474,31.19003172734278,0.4897962650425515,0.641664228068624,aggressive,afternoon,13,0.4717
316,8,29.93753490237831,31.34601173830999,0.1527184089787263,0.8371771807835612,all_round,evening,2,0.5351
317,8,30.01544363670292,31.26642319564933,0.5717540947298358,0.8778966626423341,defensive,morning,9,0.6446
318,10,30.10393388971531,31.22306129579645,0.7164844507459828,0.7093926612413306,defensive,evening,0,0.7707
319,8,29.94192329471081,31.27989755528558,0.5612200678089361,0.7266987421445199,defensive,evening,5,0.6402
320,4,29.94715400928628,31.07142461221362,0.9983686130352398,0.8337529548966098,all_round,morning,0,0.9411
321,2,30.06468391674194,31.23654931282872,0.6524076462888553,0.739769764051623,aggressive,afternoon,6,0.6725
322,7,30.00227711074153,31.39980113422438,0.8823852299331444,0.5259742710992437,all_round,night,12,0.6212
323,10,30.07179877525676,31.25058772051221,0.6970556742913944,0.5980538963039729,aggressive,afternoon,9,0.603
324,10,30.01890825665637,31.24543305353355,0.7987533157807865,0.7552679914727497,aggressive,afternoon,4,0.7704
325,3,30.07613309184716,31.28385027037137,0.7002634797080413,0.902322362474654,aggressive,afternoon,6,0.7509
326,3,29.93719375087675,31.31164841946515,0.8963812337426413,0.9623973636243071,all_round,evening,5,0.8735
327,1,30.01903322793694,31.08020266456881,0.6600690830238322,0.8369294131157174,all_round,evening,10,0.6566
328,2,30.00314479885095,31.10541388145672,0.7393017274559814,0.7630936141554545,aggressive,evening,3,0.7598
329,6,29.92272872607167,31.25682330328689,0.7159399280570079,0.8323220828973715,defensive,evening,1,0.8002
330,6,29.8949217641705,31.1828098750482,0.5981086175370827,0.6199873724689716,all_round,afternoon,7,0.5928
331,4,30.07485992282197,31.34496202097759,0.7228968174064418,0.6970153559612678,defensive,morning,12,0.6093
332,4,29.99192380942256,31.21478604880918,1.0,0.5963803917990784,aggressive,evening,7,0.7654
333,9,29.93821757746821,31.08523754114295,0.6013285504228205,0.5326886083938432,all_round,evening,3,0.617
334,5,30.01230568504613,31.13855888665248,0.7255036807135847,0.7700323517454307,aggressive,evening,0,0.796
335,9,30.11024150858794,31.02002591842955,0.8764002111564997,0.7478269959877115,all_round,evening,14,0.6695
336,10,29.83754097237025,31.22126995701737,0.8552455905699705,0.8231478726763519,aggressive,evening,11,0.7263
337,4,29.90026890480774,31.22492926981885,0.6521089551894858,0.801916774633867,aggressive,evening,2,0.7475
338,3,29.94616908464838,31.20604298321745,0.2209900334676749,0.7563966406985793,all_round,evening,1,0.5509
339,10,30.13689430933763,31.32631032312238,0.7430065073567239,0.8034924998516331,aggressive,evening,1,0.8022
340,7,30.04260695863354,31.33588158692134,0.2504946334478506,0.7135975355658785,aggressive,evening,5,0.4958
341,3,30.0813853792369,31.22636892613151,0.9145887015694216,0.78193370928336,defensive,evening,12,0.7252
342,7,29.9287871264699,31.06922450660185,0.6805052968147869,0.611078339597046,aggressive,night,2,0.6934
343,6,29.93043712997836,31.28938252643938,0.829941323576958,0.7754558888458695,all_round,evening,12,0.6849
344,10,30.05582509733782,31.28442881828068,0.4876199951274108,0.8202626527929013,all_round,morning,0,0.7065
345,3,30.02466194647484,31.26475132561255,0.3705486548059903,0.6195477857891695,aggressive,afternoon,11,0.4369
346,10,30.06389910550913,31.31851837994465,0.6969357891454101,0.727774814848927,all_round,evening,4,0.715
347,10,30.00498632072572,31.14681375228312,0.6439513808078945,0.626459623555596,aggressive,evening,14,0.5224
348,2,30.04225149811637,31.40070043089481,0.5615226512917102,0.6410239955225827,defensive,evening,7,0.5837
349,2,30.03264952679241,31.16324577974865,0.6652390305318975,0.5512605967346768,aggressive,evening,4,0.639
350,6,30.08222139112679,31.29993783417607,1.0,0.9098662387749833,aggressive,afternoon,3,0.9285
351,1,30.08456066255556,31.10501218444693,0.8002145985264304,0.8798527762080072,all_round,evening,12,0.708
352,3,29.89041024044866,31.16557882501839,0.8389097490553974,0.8006150781341006,defensive,evening,6,0.7777
353,5,29.84021851557273,31.36130949173803,0.8019086404796041,1.0,defensive,evening,5,0.8442
354,10,30.10013963181212,31.21912801415993,0.9163031858933948,0.6916131455147412,defensive,evening,11,0.7077
355,10,30.11501800746095,31.30719380841062,0.615787098877866,1.0,all_round,morning,8,0.7204
356,2,29.93835015843893,31.25895643109754,0.2801429646184472,0.6858705876955169,all_round,evening,9,0.4461
357,9,29.87121316747635,31.23160334751999,0.6160544960589183,0.7582790027634024,all_round,evening,6,0.6626
358,1,30.02792278568058,31.34910802599461,0.7961124277993703,0.6603333129089688,defensive,night,0,0.7894
359,8,30.09446705810804,31.22106729402785,0.4754359288792868,0.7758488340090457,all_round,evening,0,0.6855
360,9,30.16380756179474,31.09754095139492,0.6182541289119206,0.8453422391829366,all_round,afternoon,0,0.7741
361,9,30.06130380576812,31.17574079264386,0.5254814462595837,0.7029125410420374,all_round,evening,8,0.5758
362,3,29.99026266427314,31.28409533829613,0.9203652653317635,0.986507977067643,all_round,evening,7,0.8661
363,9,29.94854955027321,31.271640728509,0.7849022627731814,0.755872392695019,aggressive,afternoon,11,0.6711
364,2,30.02091610333365,31.11463533998116,0.7672773117159126,0.7605728079165298,all_round,evening,13,0.6381
365,6,29.99605882368918,31.18205259844734,0.7618882363617748,0.5836503458229424,all_round,morning,2,0.7205
366,5,29.9387945675417,31.19346229206382,0.6432951345406172,0.7827748611825577,defensive,morning,14,0.5768
367,4,30.18390045206906,31.21076243247086,0.6855601308549506,0.6998959168785951,all_round,morning,13,0.5801
368,1,30.16281347216577,31.12992691291187,0.4366667755041829,0.6287640405994069,defensive,morning,9,0.4966
369,8,30.11088389468443,31.18973031135044,0.2564404438248979,0.6035288387777454,all_round,night,7,0.4333
370,4,29.94633196817527,31.18171116117924,0.6770146034621044,1.0,defensive,evening,2,0.828
371,7,30.08840154594378,31.30172266078095,0.708318246128986,0.6804784124731447,aggressive,afternoon,2,0.7302
372,5,30.07117011275983,31.30472970487922,0.867667622316568,0.5014521868828098,defensive,evening,0,0.766
373,4,30.05540364993632,31.22833516335289,0.9328404468948261,0.6152667810401141,all_round,afternoon,9,0.7151
374,9,30.1199732213635,31.20863681633034,0.9325997272998104,0.712264824078568,aggressive,afternoon,6,0.789
375,1,30.0708296914289,31.25119394496313,0.470355753207102,0.8020000548924727,aggressive,morning,2,0.6657
376,8,30.07920113890435,31.17467399140355,0.5865922937090415,0.803219478258797,aggressive,evening,2,0.7184
377,8,30.07095250266978,31.1482534334266,0.7364601732586483,0.8214921827664787,all_round,morning,0,0.8189
378,4,30.04726331264017,31.16478230328594,1.0,0.6232709540044006,defensive,evening,9,0.7481
379,3,29.87731110962287,31.18921494688228,0.9164178566685048,0.7710660665252318,defensive,afternoon,10,0.7489
380,1,30.02668968619285,31.14692209601662,0.8514914891597085,0.5885910803834132,all_round,evening,9,0.6692
381,10,29.97550464329207,31.25296476472503,0.5801981680011277,0.6270535525478982,all_round,evening,1,0.6672
382,10,29.9176127233888,31.2983772539027,0.4910240663920776,0.5823436538249611,all_round,morning,0,0.6248
383,3,30.15454532954406,31.11303213593614,0.7920034190089831,0.5417416718102596,defensive,morning,1,0.7327
384,1,30.15831962727086,31.24201029689728,0.4518809724378152,0.8796314233287013,defensive,night,11,0.5646
385,2,30.12873764802365,31.22240513637869,0.6070814568235455,0.8232917551468332,aggressive,evening,11,0.6147
386,1,30.04041707334847,31.26732069484294,0.629339969179654,0.8664998054967195,defensive,evening,4,0.7331
387,9,30.12805000967621,31.23896489855171,0.9367241760421054,0.7258969599036444,all_round,morning,0,0.8756
388,9,30.02096425444815,31.12371205760547,0.586154485467258,0.836521154829772,defensive,afternoon,4,0.7032
389,2,30.03622378215182,31.13900885609143,0.2109350650569293,0.4558065893036182,defensive,evening,12,0.2945
390,8,29.93252229036304,31.2423538860468,0.7408000365792443,0.8494631277068032,defensive,night,2,0.804
391,2,30.05175930435991,31.32230247357964,0.5241760664412933,0.7465679745007545,aggressive,afternoon,11,0.5505
392,4,30.02483087427395,31.06286501031656,0.6576735843987944,0.8140664400223748,all_round,evening,6,0.7009
393,6,29.91578783065324,31.26765812638412,0.6343931538484178,0.7770034948572919,aggressive,evening,2,0.7308
394,8,30.01590423105467,31.33516976042301,0.6007332807528017,0.571941726819467,defensive,morning,14,0.4838
395,9,30.01362163489145,31.2277579299035,0.7922613047212468,0.4952940336913429,aggressive,afternoon,7,0.6365
396,1,30.16380489333157,31.28401619968211,0.3740843218965128,0.6131918750725555,all_round,afternoon,10,0.4496
397,2,30.09153706628107,31.18375447352818,0.5569374395082152,0.8047375921909368,defensive,evening,1,0.7189
398,3,30.02091563512732,31.23045070405785,0.7731268243611287,0.8235137122763093,aggressive,evening,5,0.7695
399,4,30.03990298478409,31.11032691853535,0.5394647404380137,0.5148086583927205,all_round,evening,9,0.5029
400,10,30.02353699024833,31.05245253532649,0.3604147923314051,0.5728350948797678,all_round,afternoon,9,0.4427
401,8,30.00376688121636,31.31542126409802,0.7703399617862124,0.611514647108874,all_round,evening,0,0.7607
402,4,29.93340582420894,31.16120040578204,0.852157033479477,0.6664042409599776,aggressive,evening,9,0.6967
403,10,30.00791584979144,31.20355777239972,0.6419008626242588,0.5156923753721021,aggressive,evening,14,0.4827
404,5,29.9603121394678,31.12908461973838,0.2970477922754842,0.5066922350789801,all_round,evening,11,0.3643
405,6,29.91997475688615,31.12720242375329,0.7770745544057869,0.5967247055388669,all_round,afternoon,3,0.7185
406,5,30.0608977451638,31.22609298399243,0.3512201813444562,0.7329380754337508,all_round,evening,13,0.4412
407,2,30.05130117279466,31.18163382446915,0.7055838698326699,0.5429108490369764,aggressive,afternoon,10,0.5742
408,10,29.87706339909055,31.27023767983957,0.4902565115464113,0.7026294735042351,all_round,afternoon,0,0.6665
409,1,30.01018522900039,31.27620307351837,0.4412289285619463,0.8787829224212723,all_round,morning,1,0.6928
410,2,30.09965611087199,31.26566797170597,0.5704561969256557,0.5247330393879734,aggressive,evening,13,0.467
411,3,30.1047378991117,31.25908806327427,0.6170064398430932,0.689033136238419,defensive,evening,3,0.6788
412,3,30.10206694743082,31.36622145639455,0.5340425149304393,0.8737135100626159,all_round,afternoon,1,0.7328
413,2,30.02311305655212,31.15459249847641,0.7559665900787271,0.6572597414454285,all_round,night,6,0.6902
414,1,29.95239637376247,31.23560521070376,0.56970751187741,0.6339495463712371,defensive,evening,7,0.5849
415,7,29.93330409381135,31.33061518564157,0.826434356900928,0.894524372145971,all_round,morning,8,0.7783
416,10,30.04756839238003,31.34116318474704,0.7006111698158263,0.6740696881542678,all_round,evening,9,0.6312
417,2,30.05034240274921,31.12625890805243,0.5244397028126646,0.8856742537808351,aggressive,afternoon,14,0.5593
418,3,30.1229864889284,31.21501156466753,0.4941308209101886,0.7843448086690797,aggressive,night,11,0.5502
419,6,30.10799837202737,31.34864968766938,0.3534506661714611,0.6685733020635245,aggressive,afternoon,0,0.5931
420,10,30.00942170747751,31.28064632841592,0.702331972016028,0.7919535795896295,defensive,afternoon,1,0.7799
421,7,29.92046352969113,31.25562104251838,0.5861742414947556,0.7680674270769057,defensive,evening,0,0.7326
422,8,29.99447147223913,31.22258522452523,0.2230048049485674,0.8731324231503711,aggressive,afternoon,5,0.5393
423,6,30.03737849558484,31.20929592594338,0.553571322901508,0.6377481693202472,aggressive,evening,5,0.6057
424,5,30.00383334036885,31.26305752504722,0.4878138747341086,0.7261809100172429,all_round,evening,14,0.487
425,2,29.97376847135379,31.21981007000124,0.9336219665907188,0.7107726480593044,all_round,afternoon,5,0.8022
426,9,30.04023078519759,31.23659371031644,0.3434998498592043,0.8256222212459677,all_round,evening,0,0.6435
427,9,29.97968338068715,31.2462878964892,0.3905568560478703,0.5662231208333737,all_round,night,13,0.4006
428,1,29.96975471330197,31.18575427772052,0.849794535759026,0.8725465572356783,defensive,evening,3,0.8478
429,8,30.04491622674427,31.28257034991051,0.8942173683435134,0.7899493158255625,aggressive,evening,13,0.7055
430,1,29.98784059358966,31.47313957187323,0.5159030710293846,0.522461238955058,all_round,afternoon,11,0.4684
431,8,30.03952835111827,31.09784106885391,0.5362245518943961,0.901239423822075,all_round,morning,13,0.5834
432,9,30.04185632182817,31.2659210019352,0.7609223713795963,1.0,all_round,night,12,0.7324
433,2,29.92884567991267,31.17918479291049,0.2311220365498442,0.8702750954324111,defensive,evening,2,0.5819
434,5,29.98150071009077,31.28619220620154,0.3149851367889999,0.9340477150839703,aggressive,evening,9,0.5487
435,2,30.13502215519332,31.24372459786623,0.5994679878468719,0.7328057072403882,defensive,night,6,0.6462
436,6,29.92703363898126,31.30094838192339,0.9289803019032428,0.4707742620392235,defensive,morning,9,0.6628
437,10,29.85066764408236,31.3340405261207,0.5715685841299869,0.4433819323248713,defensive,evening,11,0.4657
438,1,29.8710523877406,31.25539368942145,0.6681686225123279,0.7582623065801637,all_round,afternoon,7,0.6727
439,4,30.02232879572613,31.33056418307313,0.8540820690615222,0.631203178840503,all_round,morning,4,0.7519
440,10,30.02247338224262,31.0524561684969,1.0,0.5828135582508973,defensive,evening,13,0.6807
441,4,30.01059113156599,31.36723618383328,0.5461672748333037,0.7105879974046987,defensive,afternoon,9,0.5745
442,2,30.11713518631428,31.27000497215139,0.6469693897279833,0.8123377931791932,all_round,night,13,0.6021
443,5,29.80617324535176,31.32622746845961,0.9779699398417117,0.502086367985678,defensive,afternoon,3,0.7758
444,6,30.05167470995447,31.14240994041268,0.3760041304655429,0.6526683569579422,aggressive,evening,12,0.4376
445,7,30.14491505614428,31.17353840947157,0.8349645926996879,0.9464806024680472,all_round,evening,4,0.8537
446,4,29.92977753880866,31.25167506353158,0.4667032041749736,0.5587067429667938,defensive,evening,6,0.5256
447,10,29.98961547905681,31.238636968853,0.6684450260785683,0.8504641780747434,all_round,night,12,0.6385
448,6,29.95976864662171,31.2626454870408,0.6063285714679506,0.6472903857676509,all_round,evening,5,0.6327
449,3,29.9484523163138,31.32676121287439,0.4775579118737788,0.8018690639774929,defensive,afternoon,3,0.6556
450,10,29.99389903959815,31.09878237477577,0.4730416530215105,0.88459912608043,defensive,morning,13,0.5491
451,10,30.13419882269476,31.31790552573738,0.6997545855656758,0.8311922650477532,defensive,afternoon,14,0.6191
452,5,30.166990934039,31.24066255279663,0.8291970790692829,0.8563739403320815,all_round,night,4,0.8195
453,1,29.99312486199679,31.22369745111003,0.6266474834260695,0.5472609699888066,defensive,evening,4,0.6202
454,6,30.17240481712516,31.12231078124921,0.6626203685719789,0.8870489560111948,aggressive,afternoon,3,0.7686
455,6,30.02284611815877,31.28024389347015,0.7528113319323885,0.592096032804777,all_round,afternoon,0,0.746
456,2,30.16029528213609,31.04687137191751,0.4751086208576673,0.7589312648357307,all_round,evening,8,0.5728
457,7,30.01253610802772,31.2918715208991,0.7831446515143261,0.758736928049584,defensive,evening,3,0.778
458,9,30.03048462608369,31.12063153316216,0.7974817574707544,0.7927683838304371,defensive,afternoon,12,0.6763
459,2,30.04923795781142,31.2442766330094,1.0,0.7705435014090285,defensive,evening,2,0.893
460,8,30.2743082943494,31.23046649301376,0.5823012456992752,0.5934285032212915,all_round,evening,9,0.5497
461,2,30.08810284598758,31.33356305178351,0.567545275699737,0.5175198881556425,all_round,evening,7,0.5432
462,8,29.96341883760388,31.22570758647889,0.7884138568832741,0.8508523019942653,all_round,afternoon,9,0.7326
463,5,30.09751982962207,31.18446891510834,0.7974387504041849,0.7478751866278373,all_round,evening,1,0.8073
464,1,29.99105339703325,31.1994717843223,0.5536843123921918,0.8924065261436727,aggressive,morning,6,0.6815
465,10,29.9808199853679,31.34183062150037,0.5774307181525913,0.7132900598718198,all_round,afternoon,9,0.5895
466,2,30.09268810879137,31.28290375753447,0.7474035508792473,0.5092253458984559,defensive,evening,5,0.6479
467,6,30.02248684702169,31.20914960147815,0.5010348366677609,0.8649194521506158,defensive,evening,13,0.5549
468,2,30.04228607316094,31.22108428640284,0.5761038821572974,0.6644444085508339,defensive,afternoon,7,0.5985
469,10,30.02111881774922,31.11462583275316,0.6661266981263183,0.7713005186131532,all_round,night,5,0.703
470,8,30.04692665012843,31.27107793606812,0.8292689632680065,0.6228810857280721,all_round,morning,0,0.7912
471,9,30.05399727179489,31.09921474338436,0.5411722490876827,0.9666452565350535,aggressive,evening,2,0.7552
472,5,29.86504264538357,31.30014371726683,0.3183707968344791,0.5885152763725204,all_round,night,7,0.4559
473,5,30.07332581348876,31.2502897273993,0.3050124558467221,0.6693855368840738,all_round,evening,6,0.4915
474,7,29.94143844641357,31.43095614396591,0.4233056479928961,0.7361173054045974,aggressive,evening,13,0.4748
475,8,29.90461606915525,31.15198915570205,0.4136298107240113,0.5561726509369562,aggressive,evening,11,0.4341
476,9,30.01532710049131,31.23178703271675,0.6221700634484164,0.7695779292881393,all_round,evening,2,0.7227
477,1,30.02671848026516,31.38386301607384,0.4360015723524311,0.9617865716201235,all_round,evening,8,0.6262
478,7,29.96451950683422,31.33531117122331,0.5235041072321833,0.6464306758959434,all_round,evening,6,0.5818
479,2,30.08648254861344,31.18430303587361,0.5106645407032311,0.7792714228547588,aggressive,afternoon,1,0.6892
480,3,29.91262598669033,31.25791739426987,0.5707085850473612,0.3075846920942167,all_round,evening,9,0.4445
481,9,29.9874445000982,31.24015994851321,0.888050779674162,0.7141606199272739,all_round,afternoon,8,0.7429
482,3,29.97321006920536,31.26255646939153,0.769150566097493,0.6730436571110692,all_round,night,1,0.7683
483,8,30.01627301837285,31.18410556512121,0.6529032947496807,0.5972253596384423,all_round,afternoon,7,0.6095
484,5,30.04230914277178,31.23285436778394,0.5670152694954491,0.8822175704442798,aggressive,afternoon,10,0.6306
485,3,29.93936856403012,31.11215580997786,0.5720181218078562,0.6710634477564258,defensive,night,4,0.6389
486,4,30.0779426141965,31.25080987614945,0.7089943645913509,0.6933783769359618,aggressive,afternoon,5,0.6951
487,6,30.02504018946678,31.27600165387375,0.7551504332034122,0.6634210687816393,all_round,afternoon,1,0.7587
488,8,29.86864429973505,31.22180644698849,0.486628848901892,0.4324776192352385,aggressive,evening,3,0.5304
489,7,29.86331268476824,31.11079592875322,0.6565665360105617,0.5502020339884558,all_round,morning,14,0.5014
490,10,30.01901445656565,31.31908254902812,0.2843084776406552,0.8641640229180324,aggressive,morning,9,0.5104
491,9,30.00232261457709,31.26916200303942,0.6881084811507074,0.4035074029680042,defensive,evening,2,0.6242
492,8,30.01172639091403,31.18191879218392,0.7871868635525635,0.6050526975576441,all_round,afternoon,7,0.6727
493,7,30.01776140347758,31.21755196425296,0.5995876471614424,0.6600419915565354,all_round,afternoon,2,0.6742
494,3,30.03804478716081,31.11994644777745,0.976974859305219,0.9815432800937347,aggressive,morning,6,0.9032
495,5,30.09581196878786,31.15796718977776,0.491377079461511,0.8352905648244553,aggressive,afternoon,2,0.6868
496,2,29.9311116079266,31.19697509229143,0.689139274754587,0.636424420942035,all_round,afternoon,9,0.6129
497,4,29.92624227256794,31.33827366498241,0.6435515456001281,0.9156770545673326,all_round,morning,8,0.7034
498,10,29.93253409136901,31.188839728729,0.6319464198601865,0.608922626924832,all_round,evening,9,0.5775
499,5,30.0431133333735,31.2912170927463,0.6294220097591454,0.8713649705601008,defensive,evening,6,0.7082
500,2,30.11959579029172,31.19693470377107,0.6692789054017049,0.5161684131115476,defensive,morning,4,0.6285
501,7,29.98549284494084,31.25983580486815,0.802632573823466,0.8809886747683735,defensive,afternoon,3,0.8295
502,10,29.81986401246723,31.2286883598285,0.897992522529454,0.6590799531793521,aggressive,night,3,0.7948
503,9,29.88368057099117,31.30984452800742,0.6495949559892517,0.5657243638588095,defensive,evening,6,0.6103
504,3,29.95335706217632,31.19721509294251,0.7967568929908939,0.6874284580385529,all_round,evening,6,0.7191
505,5,29.97538168900038,31.1141977399998,0.5236819496719791,0.7616016269580322,all_round,evening,10,0.5689
506,6,29.98732890981962,31.12944407749091,0.787871981490722,0.6457877354211432,defensive,afternoon,0,0.7806
507,3,30.02308648983847,31.19744980048458,0.5128415257111418,0.8030930258992985,all_round,evening,4,0.6585
508,3,29.99506029353421,31.14007520234576,0.8463187884958638,0.6325509174503898,defensive,night,12,0.6422
509,3,30.10394716884347,31.27281696125436,1.0,0.8130558590897037,defensive,night,13,0.7612
510,10,29.96591861554549,31.20273854681135,0.6280249001651494,0.78633330930549,aggressive,afternoon,13,0.5845
511,8,29.95101456324196,31.42996852400211,0.2553421716546665,0.7108615417938097,all_round,afternoon,4,0.5104
512,9,30.05831004308164,31.10098283238903,0.5513468720159319,0.6537926531451075,all_round,morning,2,0.6503
513,9,29.89714863440591,31.25629065429678,0.8717375241720746,0.7427311193647899,defensive,afternoon,2,0.8256
514,10,30.0511753364256,31.14976375811954,0.7495538216645441,0.8025380614550548,defensive,afternoon,1,0.8049
515,2,30.0282042546981,31.20052789276938,0.6948044477615053,1.0,aggressive,evening,14,0.676
516,9,30.00820460080655,31.25131355786724,0.8315603040718711,0.860913063269727,aggressive,afternoon,13,0.7022
517,1,30.14706208857194,31.05397029001006,0.7372016190647159,0.8663984924723762,aggressive,night,12,0.675
518,5,29.97022340437642,31.25894608934304,0.8691905337412046,1.0,all_round,morning,10,0.8078
519,6,30.18482385364193,31.39223259698193,0.8154962617964574,0.7973937715151765,aggressive,morning,5,0.7794
520,4,30.00196548406175,31.20372493613051,0.9239060814926526,0.7926965266967553,defensive,night,7,0.7999
521,2,29.91783868440238,31.26078462854444,0.7145832951031258,0.8256022611482481,all_round,evening,12,0.6505
522,2,30.02559356647959,31.32199373545003,0.8129466922689119,0.568655103361762,defensive,afternoon,12,0.6049
523,9,29.9339003839745,31.22688371999784,0.5947171268445587,0.6534147545371866,aggressive,evening,7,0.603
524,4,29.95985953217492,31.19352318491748,0.541737053919379,0.6440746099961498,all_round,afternoon,12,0.5092
525,4,30.05176266400124,31.05794108770226,0.9572181752754152,0.8171420965829342,aggressive,morning,5,0.8501
526,10,30.06444656709201,31.2912792575516,0.6889168417380839,0.6938738156668202,defensive,evening,6,0.6729
527,2,29.97022658397966,31.23094652722169,0.7948785018552282,0.7407335138211454,aggressive,afternoon,12,0.657
528,10,30.09899241160371,31.15898529188895,0.6722732025940502,0.8831181930222697,aggressive,evening,5,0.7449
529,10,30.11260062064169,31.25012773682221,0.5444271828344065,0.8494726108056208,aggressive,afternoon,11,0.5956
530,6,30.13490414052506,31.1933055714555,0.6519769206648323,0.6957418495438129,defensive,evening,6,0.6569
531,2,30.06235307257006,31.19772590951075,0.9084789231981886,0.6195007354682666,aggressive,evening,4,0.7723
532,2,30.12907429696686,31.28850329248869,0.7499432133702963,0.8902912097479783,all_round,morning,3,0.8091
533,3,29.86953612576207,31.13292940709409,0.3419348312485174,0.8360836771364798,defensive,morning,9,0.5265
534,6,29.99456747610972,31.3237852228859,0.6112559978162921,0.4790614772556926,defensive,evening,7,0.5494
535,2,29.95063957949413,31.12818510695053,0.9708128826868482,0.6730269091637578,aggressive,evening,5,0.8058
536,5,30.02953806889019,31.18698388733158,0.6115165648670079,0.7448273193025143,aggressive,evening,11,0.5892
537,2,29.97428406246426,31.39383569552533,0.3259138354878475,0.8368244575681547,all_round,evening,0,0.6395
538,6,30.00670737264402,31.33018838093139,0.9907487993760579,0.8565152242409657,aggressive,evening,1,0.9323
539,1,30.17057399041632,31.24780831939963,0.7728306517663027,0.762585900176321,all_round,afternoon,14,0.628
540,8,30.00642241628637,31.1647575827599,0.6373976854136959,0.8077871297038284,all_round,evening,9,0.6496
541,1,30.05310338537522,31.19765821546401,0.5831448075052277,0.729620520356723,all_round,afternoon,8,0.6111
542,2,30.00141845360606,31.24586202516685,0.8448233473625124,0.6189222467729159,aggressive,evening,0,0.7968
543,2,30.02605706303655,31.24300185858717,0.5524429879592854,0.6808103413438119,all_round,afternoon,8,0.5802
544,9,30.02048133443488,31.23273032562992,0.8566861564128779,0.7228486779960163,aggressive,afternoon,6,0.7585
545,1,30.05586592527785,31.23753339887326,0.7475951514303661,0.7147981124972115,all_round,evening,8,0.6799
546,5,30.11322460284377,31.22284999122359,0.694042746587723,0.4371640643334794,aggressive,evening,0,0.6653
547,6,30.15179151980827,31.1246417011488,0.6761926649604072,0.6603774997605854,defensive,evening,8,0.6288
548,6,30.04476960655273,31.19867914062713,0.618505753391448,0.7284308479633728,all_round,evening,8,0.6266
549,7,30.06716375088285,31.31316992431895,0.8382152216376678,0.6777945012141449,aggressive,night,4,0.7611
550,9,29.92793083926516,31.13053325619591,0.4942382902216699,0.6829764306732621,aggressive,evening,0,0.6614
551,4,30.01296986060675,31.22483555907685,0.3580534771705624,0.7931987056206881,all_round,night,14,0.4521
552,9,30.09522315719069,31.17441968569833,0.7605992221206455,0.5581564219427049,aggressive,evening,10,0.6043
553,4,30.08927749107337,31.24890803435185,0.7636228990520866,0.4757936679073183,aggressive,evening,9,0.5902
554,10,30.0369287786236,31.20890934551465,0.736443407452118,0.6677745313744987,defensive,evening,11,0.6185
555,6,30.09091151676543,31.35819149319797,0.723391106531247,0.8346171608252684,all_round,evening,10,0.6843
556,8,30.0592613367195,31.28052665233522,0.5923027318992414,0.9731329559229958,aggressive,afternoon,2,0.7805
557,9,30.11602450066075,31.13505574673782,0.7917468867893945,0.837319235864211,all_round,evening,6,0.7693
558,8,30.04314873255657,31.29369824092909,0.6417995371841827,0.4997604360196729,aggressive,morning,13,0.4904
559,9,29.99154413475432,31.17802785149903,0.5623195590532679,0.6851449140934843,defensive,morning,4,0.6395
560,6,30.04686730055464,31.1938402902898,0.593859563794028,0.7584951571622294,aggressive,night,14,0.546
561,1,29.78555244993178,31.26510552160857,1.0,0.7466386675385388,defensive,morning,0,0.9113
562,5,30.0506308589108,31.20066020642159,0.3377043052318222,0.8008956829414311,defensive,evening,4,0.5789
563,2,29.72812697398282,31.31142846530583,0.7399618587732438,0.5824426580308859,aggressive,evening,5,0.6702
564,9,29.88212292740756,31.17803919507893,0.347760123027731,0.7297414631326113,aggressive,afternoon,9,0.4919
565,3,30.05614148807528,31.19048427579269,0.6305179991018648,0.7830484244664193,all_round,night,2,0.7311
566,3,30.05820234698134,31.18749032851615,0.5719470526722462,0.8438506429955489,defensive,afternoon,3,0.7127
567,3,29.9270056975888,31.1947489001316,0.274694906597622,0.5991422750080811,all_round,night,9,0.4133
568,7,29.96303183664968,31.32793532444382,0.7200267662780774,0.6682264699135653,all_round,evening,4,0.7046
569,6,30.12964327908913,31.29030370348882,0.5815931488054048,0.314427347988999,defensive,afternoon,13,0.3984
570,10,29.98127758947419,31.37679551632096,0.2721428583389761,0.6267807048633338,defensive,morning,13,0.3685
571,5,30.19943362499224,31.42141153631194,0.8011222563393654,0.6413377660543436,all_round,afternoon,4,0.7316
572,3,30.01984641174589,31.15754263744541,0.9083011120380082,0.5670623237748835,all_round,afternoon,8,0.7005
573,1,30.0526428941505,31.24563353018618,0.918222381613383,0.7448418225348977,defensive,afternoon,4,0.8206
574,1,30.14934995187989,31.14590397466852,0.7146121593172649,0.7116081851932098,aggressive,night,5,0.704
575,4,30.03048216929547,31.17779152578014,0.6582904649438808,0.3811179183633583,defensive,afternoon,10,0.4963
576,10,29.93981248154473,31.18959339917955,0.8890681917612435,0.7523261953952635,aggressive,evening,4,0.8101
577,6,30.01122180386445,31.15542761006894,0.9528290453612177,0.5807513803816459,aggressive,morning,2,0.8054
578,9,30.01715114110479,31.15584901816813,0.8540423665176125,0.7928533438785772,defensive,night,3,0.8218
579,2,29.91082066782387,31.22845724971838,0.4805232315986359,0.5277223128407001,all_round,afternoon,13,0.4276
580,1,29.99953343429273,31.14266252652909,0.6862420735786859,0.724500980779641,aggressive,evening,3,0.7224
581,9,29.9606246324802,31.30737015673101,0.7291129059724571,0.6775255006670241,aggressive,evening,5,0.6986
582,2,30.093948620575,31.1665797170066,0.3242689455948988,0.7654652827425495,all_round,morning,9,0.4938
583,1,30.02276894993482,31.46476551760771,0.7344849187317394,0.738704591647702,defensive,evening,1,0.7757
584,5,29.99737634006819,31.20388924392285,1.0,0.6817253737467818,aggressive,afternoon,4,0.8353
585,10,30.01150544555019,31.24576141135336,0.7651885098441424,0.4895591528933633,aggressive,evening,2,0.689
586,7,30.03784976147249,31.13637270524272,0.9152143546595162,0.4984188054808453,all_round,evening,13,0.613
587,1,30.06934513597518,31.37648734065021,0.6829246514231669,0.6324169591361671,defensive,evening,13,0.5553
588,9,29.94002302170645,31.32956005446423,0.6368207016829122,0.7187580174105619,aggressive,morning,11,0.5915
589,9,29.9366729893903,31.26375326965889,0.7186288502145756,0.6287628079201324,defensive,morning,3,0.7034
590,9,30.1083743372322,31.13225579609763,0.5031512033628022,0.8137817895869198,defensive,morning,9,0.5912
591,10,29.98701305022362,31.25685335021797,0.4765204662978101,0.6781168621182474,aggressive,afternoon,9,0.5318
592,3,29.90665263259225,31.15028551631862,0.8779348202904859,0.5752480912830734,defensive,morning,13,0.6231
593,10,30.05550501675065,31.35698842107787,0.8970216217159733,0.6782855560518136,all_round,night,2,0.8144
594,4,30.05706958448262,31.30473557854825,0.471600863194277,0.7538789754474828,all_round,evening,11,0.5294
595,9,29.89754277941946,31.24763512307902,0.8242397848196956,0.7687327078236876,all_round,evening,2,0.8133
596,6,30.03835853723709,31.04508994694021,0.6343472043909163,1.0,defensive,afternoon,8,0.7288
597,8,30.07884664739427,31.16132672170728,0.7111655434082775,0.6196635989994871,defensive,afternoon,13,0.5636
598,7,30.0499509161365,31.29502089052799,0.7328393550983114,0.7089782007614399,defensive,evening,0,0.7779
599,7,30.07055851870091,31.33703069533785,0.8289830842623773,0.7839185920229139,defensive,afternoon,2,0.8207
600,7,29.90765847215274,31.32873358491937,0.664889276335374,0.7164865561198777,all_round,afternoon,12,0.59
601,8,30.0464832123997,31.11263895982068,0.9038291591543485,0.644907278101702,defensive,evening,0,0.8324
602,8,29.99579041924236,31.26412418454503,0.7056943111567865,0.4876114235483635,defensive,evening,10,0.5549
603,2,29.98137678730203,31.32124121731863,0.7623531690445159,0.6433748161420476,aggressive,night,7,0.6749
604,9,30.08964444875358,31.10733315475342,0.5000127335232957,0.5589446380923299,aggressive,afternoon,5,0.554
605,6,30.13834196085394,31.23936763877014,1.0,0.4610089978314332,all_round,evening,12,0.6514
606,4,30.16354960436803,31.26190739186467,0.734568486176894,0.600648173749412,defensive,morning,12,0.5808
607,6,30.12518462972047,31.21593883321226,0.7783395365621179,0.5629362418850318,aggressive,afternoon,4,0.6939
608,10,30.01122126546958,31.0918270515679,0.3605265539819226,0.8075679817939422,defensive,evening,0,0.6449
609,9,30.04821761304211,31.2139441511941,0.5019136358457619,0.810163775612144,aggressive,morning,1,0.6961
610,9,30.08134582974274,31.2138155655796,0.8728190638253714,0.5844181065628687,all_round,evening,1,0.784
611,5,30.02969423594396,31.22815420763618,0.7016404012926689,0.6809657054155318,all_round,evening,14,0.5674
612,8,30.03046113503292,31.19492228596599,0.3055196477307933,0.4412636006831197,aggressive,morning,8,0.3853
613,4,30.08590025055009,31.20455902774068,0.8368921872170875,0.6458490074725959,defensive,night,10,0.6693
614,7,30.01525738831792,31.23682349741224,0.5521190952165098,0.7798472851053518,aggressive,evening,3,0.6814
615,7,29.96165704509011,31.27539636839758,0.9040370574578082,0.8437406834421154,defensive,evening,12,0.7421
616,3,29.98684215473313,31.21564585897147,0.6341895778513341,0.6130429377463029,aggressive,evening,10,0.5666
617,3,30.0707128302187,31.20722808573056,0.6868472034836954,0.877778229079128,defensive,night,11,0.6696
618,1,30.020239463296,31.24738832306036,0.8622118241464967,0.4926462117729792,all_round,afternoon,7,0.6671
619,2,30.04721679814947,31.08632672592838,0.4884512652461608,0.5328558301284311,aggressive,evening,10,0.473
620,5,30.07360633937617,31.27816281017812,0.4712875745898909,0.8264492798456814,aggressive,evening,8,0.5947
621,5,29.99001268296819,31.23995495223016,0.6146302843283407,0.9706681842844871,aggressive,afternoon,5,0.7497
622,2,30.08049985309038,31.2431754821278,0.7988911039318201,0.7940147982275543,all_round,afternoon,8,0.7307
623,5,30.05030740827667,31.31685874460755,0.4104420945295717,0.7139486420198982,defensive,night,4,0.5812
624,7,29.92121495304708,31.08377475759614,0.3497537720199627,0.3907224380216687,all_round,evening,14,0.3075
625,3,30.1353843832949,31.08209329041128,0.7982697668678826,0.4166329415934781,all_round,evening,10,0.5717
626,4,29.97994042049945,31.26190430762588,0.5414639037379394,0.7394114305343803,all_round,evening,11,0.5558
627,4,29.88759237254519,31.23943065158972,0.579399317674349,0.6662905995643238,all_round,evening,10,0.5606
628,6,29.93639650323309,31.25361415545535,0.3157741276507702,0.5541247226771823,all_round,night,6,0.456
629,4,29.93831638714573,31.2030298339862,0.5277837234166433,0.7298298871245076,all_round,evening,14,0.5063
630,8,30.0241738654926,31.29314829393919,0.6486378866063929,0.7372697051261714,defensive,afternoon,3,0.7099
631,4,29.9980919595563,31.31461110743929,0.8174680143721206,0.8616623802810408,defensive,morning,8,0.7628
632,5,29.99305344258875,31.27871858351612,0.511178570077765,0.740490342451905,all_round,evening,1,0.6759
633,4,30.0695761572386,31.21913372332763,0.9483277016418494,0.9042591552501577,aggressive,evening,4,0.8899
634,2,30.04719002889541,31.07138484899085,0.5267799156476359,0.7211991044323219,aggressive,evening,8,0.5828
635,7,30.04528382965154,31.30153889664297,0.5270434757146686,0.7026997507788996,all_round,morning,7,0.5898
636,3,30.0527862765863,31.33773829329741,0.9267243593416044,0.8796468279370773,all_round,afternoon,14,0.7382
637,3,30.06929077344018,31.29156467295872,0.6880628274255051,0.5732338679937848,defensive,evening,9,0.5903
638,8,29.85136373265781,31.1696286058106,0.5506355487779162,1.0,all_round,evening,6,0.7178
639,10,29.99084493981884,31.29390355149342,0.6220760363874932,0.7762886217250103,all_round,morning,6,0.6716
640,7,29.84558319484084,31.30884237663691,0.8935532439575706,0.777124387925651,defensive,evening,9,0.7541
641,10,30.02288479414382,31.36470529982392,0.9139165075326228,0.7987643960958896,aggressive,evening,11,0.7442
642,9,30.01962936222205,31.16991120606176,0.502977227731354,1.0,defensive,night,4,0.723
643,5,30.10364258198317,31.22188363323647,0.6423619141857605,0.8388761117508909,aggressive,morning,8,0.676
644,8,30.11501075141769,31.29978176409147,0.6662282289801632,0.4792416031494114,all_round,night,8,0.5609
645,4,30.03622200386019,31.24459280571505,0.4724767801070124,0.9305205577151257,defensive,evening,0,0.7383
646,5,29.97997111380825,31.1506137918359,0.6399766905230011,0.6688655130832474,defensive,evening,13,0.5488
647,6,30.05881288900366,31.27316930280213,0.6509581148813061,0.7360732609258985,defensive,morning,8,0.6439
648,10,29.97776658901406,31.28629293070521,0.8552377062086124,0.52811190417371,all_round,evening,3,0.7297
649,9,30.01988858788453,31.24703703170648,0.8673365050960162,0.7989303027185843,defensive,evening,9,0.7499
650,5,30.09889090535686,31.25756679417439,0.5907423082953785,0.6222938564898671,all_round,afternoon,10,0.5503
651,7,29.97537829232084,31.21930352786514,0.6114884341050539,0.7350254456990211,all_round,evening,13,0.5591
652,3,30.0844542911394,31.35826231485728,0.7695726143700145,0.6773851491958826,aggressive,evening,0,0.7834
653,9,30.07419210949539,31.16794462530298,0.5446660791931379,1.0,aggressive,evening,6,0.7151
654,6,29.94361665462953,31.19301433897889,0.7559552273127325,1.0,all_round,morning,2,0.8635
655,6,30.09791153025739,31.2408788410822,0.6341768322735414,0.7269769755322112,aggressive,evening,8,0.6332
656,8,30.07588530762972,31.31031632221607,0.4755082560070483,0.7295966567053281,defensive,afternoon,7,0.576
657,7,30.02815407098981,31.12021014639243,0.4777693916816637,0.6639835550475727,defensive,night,7,0.5541
658,1,29.95901412335779,31.13517626001876,0.9104705652855984,0.8859009437254179,defensive,night,14,0.7331
659,3,29.95126351851395,31.07698171938122,0.6218441337542062,0.6706620194499934,aggressive,afternoon,7,0.6212
660,2,29.97698699384776,31.24261561802026,0.9452637369016961,0.656799408803145,defensive,morning,6,0.7752
661,8,30.06340755706336,31.15053553462348,0.5575454730713162,0.8667889295497446,aggressive,afternoon,1,0.7409
662,1,29.94354998660789,31.20923599119856,0.7024169362036689,0.6392551357025026,all_round,evening,4,0.6865
663,3,30.05500097988959,31.29291025519133,1.0,0.7143367448327204,defensive,night,13,0.7267
664,6,29.92065955768973,31.18867658233737,0.4596703859606098,0.4828033827733511,aggressive,evening,6,0.4958
665,7,30.00367451324489,31.25850256181947,0.3083933900180402,0.825628551768475,aggressive,morning,13,0.4544
666,6,30.02877182036592,31.21605296737986,0.881586223631702,1.0,aggressive,morning,7,0.8534
667,9,30.21561041160471,31.29376914520771,0.5011743610292467,0.8281838059199688,all_round,afternoon,8,0.6087
668,10,29.90981474755837,31.27801024538784,0.6462728544608779,0.9392698751320957,defensive,evening,6,0.7396
669,2,30.13776116531921,31.18464530430603,0.5445347221187148,0.5930846795734004,aggressive,evening,8,0.546
670,10,30.03198739311898,31.22650785972796,0.6982693005719569,0.75544864230423,aggressive,evening,1,0.7653
671,7,30.05289375344128,31.32349947181764,0.4789034827065665,0.5785260113445916,all_round,afternoon,0,0.618
672,7,30.02946783307106,31.27147014962033,0.6176107841810049,0.6858351681627985,aggressive,night,7,0.6246
673,1,30.05557814545562,31.12824303537991,0.7309667587801761,0.8358317216028757,defensive,afternoon,8,0.7148
674,7,30.00770519165104,31.29244944489371,0.4685044004706329,0.7352730919654947,defensive,evening,8,0.5615
675,8,30.1363240145166,31.1532311502051,0.52398487466374,0.5081038466098168,defensive,night,6,0.5336
676,6,29.98348230846202,31.35300104559688,0.5874710899522643,0.522745634169337,defensive,evening,4,0.594
677,1,30.11057876577434,31.32192790718728,0.39281322183927,0.512825410276384,all_round,night,10,0.4229
678,6,29.96845063038296,31.26319083807347,0.5739390230962257,0.7937178884909385,defensive,afternoon,9,0.6161
679,10,30.0151798522879,31.25257862747489,0.6713833771825224,1.0,aggressive,evening,0,0.8521
680,8,29.93424299581678,31.2232774195178,0.5780811905140829,0.9243687366000319,aggressive,morning,6,0.7037
681,2,30.0564018976278,31.294281916112,0.6011522312722896,0.4356022201280904,all_round,evening,10,0.4896
682,10,30.13561007655412,31.21033774644303,0.6464176992368147,0.9331613907104676,aggressive,afternoon,11,0.6708
683,10,30.01381150561433,31.25884558965119,0.5319661767621835,0.860460062552197,defensive,morning,4,0.6872
684,2,30.00424914410369,31.30975474932156,0.7743912618560379,0.4882050081706863,all_round,morning,13,0.546
685,9,29.93083064295456,31.19505547651795,0.9084760624643197,0.6745197574934253,defensive,afternoon,9,0.7249
686,5,30.00165658771581,31.19070458080074,0.5664115294048193,0.8843283617243713,all_round,evening,6,0.6844
687,6,29.89257645922228,31.14445076154204,0.7373356816659873,0.8025650266402178,all_round,evening,9,0.6927
688,5,29.94696976106249,31.15484218030991,0.6068689120217636,0.5236357421418021,defensive,afternoon,13,0.483
689,8,30.03814288368873,31.09372837508468,0.7157877221069309,0.8116113233694291,aggressive,night,3,0.7662
690,10,30.12552105581931,31.29838630312124,0.9318403156165858,0.3993749105879118,all_round,night,2,0.7324
691,8,30.24473686889836,31.38471316336662,0.7415587177432578,0.6865766736364183,all_round,morning,6,0.694
692,10,29.97307319319433,31.35402631547762,0.3307853830142575,0.8906935154100073,defensive,evening,1,0.6473
693,10,30.13482401253163,31.10991324090988,0.7317192136604527,0.722759132335698,defensive,evening,12,0.6222
694,1,30.03950019843213,31.29798837372449,0.8719154737956216,0.6451593675057081,aggressive,evening,14,0.6315
695,3,30.00790018826029,31.35376850799388,0.6101126894003416,0.8534019380658524,all_round,afternoon,9,0.6532
696,8,30.05460755613809,31.2034552015409,0.8292142651012099,0.8662127722629872,all_round,evening,14,0.6897
697,6,30.0249533186944,31.248115794452,0.5257792025926498,0.9165059539300425,aggressive,morning,1,0.744
698,1,30.02883165804898,31.07936855593562,0.3826029512859908,0.851151364266958,all_round,afternoon,9,0.5501
699,1,29.98733334697387,31.26133889343813,0.6754104233898752,0.882206219090572,aggressive,evening,6,0.7327
700,6,29.90815122721609,31.15491522164522,0.3338341902656635,0.8299362836156301,aggressive,evening,4,0.5874
701,7,29.89650998379823,31.25597080143292,0.6068412176791536,0.7598292973674707,all_round,evening,4,0.6857
702,2,30.0722595906625,31.11510376622489,0.8816316072761905,0.7334263499645721,aggressive,morning,8,0.7468
703,2,29.99786399279314,31.28342865795821,0.3062426769656695,0.6844110421353897,all_round,morning,9,0.4574
704,2,29.97231288802751,31.32196101403413,0.4196905767354984,0.5381447560410411,aggressive,morning,2,0.5505
705,6,30.02068045013785,31.17734561106278,0.4642341958709161,0.5767032736770287,defensive,afternoon,9,0.4908
706,1,30.08359458023325,31.14904619348716,0.6386024252520273,0.6776978277097185,aggressive,morning,13,0.5512
707,6,30.03442911544211,31.067518156596,0.5841709785836824,0.7562178239403644,defensive,evening,0,0.7276
708,5,29.96751560506872,31.21868691727398,0.9018445487052957,0.9361218897006395,aggressive,evening,13,0.7601
709,5,30.11810343645191,31.19347248525747,0.8217826992365056,0.7137304158186731,all_round,evening,9,0.6996
710,7,30.14633484023853,31.11591844701215,0.7391491302923476,0.8705214436316495,all_round,afternoon,5,0.7706
711,6,30.05956453242583,31.27624150050497,0.6762134565818992,0.881897348464818,aggressive,morning,11,0.6663
712,8,30.09789308090753,31.20400236945083,0.720781359857269,0.6852829803466813,all_round,evening,9,0.6442
713,8,30.11935679974511,31.15394112330838,0.4948431760435925,0.8092035317055275,defensive,morning,11,0.5592
714,10,30.11040794531236,31.19563420754876,0.8042978636401902,0.6834707937412707,defensive,night,1,0.7878
715,8,30.06912793416901,31.32570436311437,0.4498320342153438,0.9183203841117715,all_round,morning,0,0.7238
716,6,30.06786776376599,31.28823495550042,0.8003678589024016,0.8153765007398898,aggressive,evening,9,0.7255
717,5,30.06157284586772,31.22959791508012,0.8635056503813896,0.5414274367967467,defensive,night,4,0.7247
718,3,29.93221298603624,31.28952840147719,0.6879556283758557,0.744228697823077,all_round,evening,3,0.7301
719,6,30.07605785254877,31.14712704348906,0.6182816493868444,0.9672168242735819,aggressive,evening,6,0.7368
720,2,29.91153488230988,31.24258960805816,0.7220557834957412,0.6928153448179948,defensive,evening,10,0.6341
721,10,29.95643204359,31.25178578643892,0.1349266933818789,0.7871572545142602,all_round,morning,2,0.5096
722,9,30.12428520542464,31.2024130793201,0.7044064793273831,0.8018818256608717,all_round,evening,14,0.611
723,2,30.08721761301554,31.27483666687659,0.6295962803888348,0.56450656512531,all_round,night,6,0.6009
724,8,30.13899186317487,31.17756532362844,0.6408869396497416,0.796606192382027,all_round,night,2,0.7405
725,2,29.99826604930502,31.28078565662209,0.777175852321609,0.5109247271948061,aggressive,evening,1,0.7152
726,8,29.92782009269786,31.2841487017225,0.636541594118349,0.6261563840397906,defensive,afternoon,12,0.5456
727,1,30.00076502423437,31.00662720954423,0.4447627658027916,0.8813584451241288,aggressive,evening,1,0.6953
728,5,30.02816250377925,31.33522445628081,0.6245475192514319,0.7735134435462536,defensive,evening,6,0.6718
729,7,30.0263190973072,30.99618939477178,0.6621599871345484,0.674328328838021,defensive,afternoon,10,0.6007
730,8,30.11069443830053,31.19071607795551,0.6706881040845823,0.7869691531867781,defensive,morning,7,0.6839
731,5,29.99109836599973,31.32202784274062,0.6791454861113123,0.7109861628367302,aggressive,morning,3,0.7145
732,10,30.04816275774423,31.2146170619798,0.8370864280853396,0.721886775352775,aggressive,evening,1,0.816
733,8,29.94090982804523,31.12270512140244,0.4545137804538535,0.8185227790080206,all_round,morning,10,0.5577
734,3,30.0560253822435,31.15250103506267,0.681626082109673,0.6108948389011302,all_round,morning,7,0.6272
735,7,30.02024868401485,31.32215245970565,0.8821873457512834,0.7260504608332036,defensive,morning,0,0.8511
736,8,29.96001493293724,31.08627963755611,0.3377699305513049,0.673159770809002,all_round,night,2,0.5609
737,4,30.00113365102601,31.33031928807696,0.6823364025404096,0.4821594938099616,defensive,morning,8,0.5691
738,8,30.00526594027878,31.23559183207662,0.5446318696448522,0.581931636562605,aggressive,morning,2,0.6221
739,9,29.99838758965303,31.1446083735646,0.5832721307948412,0.9552309670595748,all_round,evening,5,0.7301
740,9,30.16170729938142,31.19335079421578,0.4871346494214041,0.7777084971877851,aggressive,afternoon,1,0.6781
741,8,30.01212431981537,31.15862205271187,0.6194808711739201,0.5214617547897916,defensive,night,11,0.5146
742,7,30.00048831118581,31.30929801606868,0.9814260105968429,0.4889468436227384,aggressive,night,9,0.6928
743,3,29.85220392339119,31.29859422478103,0.4224025349881015,0.7031754149834124,aggressive,evening,11,0.4895
744,8,29.94846341184164,31.10246710928991,0.4394701995538111,0.9541779799764722,defensive,evening,0,0.7317
745,4,29.99895412604349,31.20771263051845,0.4156517773705692,0.6919862797793471,all_round,afternoon,5,0.5626
746,6,29.96513178590587,31.17094514701246,0.9609352915930582,0.9160499330106023,aggressive,morning,4,0.8997
747,4,30.13053660747022,31.34348079747675,0.5667788530061684,0.7727896156227986,aggressive,afternoon,9,0.6055
748,4,30.0068049779683,31.13199207054988,0.6453849691374187,0.7906875686768841,all_round,morning,12,0.6072
749,2,30.12307553994546,31.3683383283748,0.5774990706008769,0.5196419236043146,all_round,morning,3,0.6017
750,10,30.02493637072403,31.23733642083864,0.4800038818874436,0.8606284382624636,aggressive,evening,11,0.5706
751,2,30.02297822691373,31.14704524748959,0.6076728836094016,0.6697601944089588,all_round,morning,8,0.6012
752,1,30.012896284183,31.18581806527926,1.0,0.8494638680416362,aggressive,morning,12,0.7873
753,10,30.02030370012972,31.17587049273852,0.9005727657753659,0.5978745027020831,all_round,evening,1,0.8012
754,6,30.15750360024399,31.13803052783876,0.496471192797391,0.7465574021264868,all_round,evening,14,0.498
755,5,29.8344311418599,31.24758614877843,0.7665633385511035,0.7728004430906447,aggressive,morning,6,0.7354
756,8,29.85987634044491,31.14176675594465,0.5003259009200522,0.69689500251362,aggressive,morning,4,0.6157
757,4,29.97654633351551,31.06557070330094,0.3302538250076803,0.7806817789629235,aggressive,afternoon,2,0.5952
758,2,30.02116223055501,31.20962588233214,0.8335119651796333,0.6800404387211236,aggressive,afternoon,14,0.6264
759,8,30.07520835398112,31.09577150428657,0.8588167123958391,0.622641037043808,all_round,evening,13,0.6311
760,2,30.0578469758422,31.1798271305546,0.8382894051886218,0.9608225074190946,defensive,night,1,0.9002
761,6,29.98926032696955,31.16727176891173,0.5654242551404769,0.8773429299542164,defensive,evening,6,0.6815
762,10,30.10152349545934,31.17030271423793,0.6199803678796425,0.6058702882427734,all_round,evening,11,0.5444
763,10,30.10241563225222,31.40007704812721,0.7849577996584622,0.8052666458391919,all_round,evening,8,0.7284
764,4,30.03472462650172,31.24451292537356,0.7204692867226593,0.608598171794827,all_round,evening,2,0.7106
765,8,30.09701260579895,31.25962968071963,0.579145255166532,0.5422973034506513,defensive,afternoon,5,0.5838
766,7,30.04181162107457,31.09788813629261,0.3585670723787304,0.8750714162098464,aggressive,morning,5,0.601
767,5,29.97508135785737,31.18768294930905,0.6704975349455622,0.4643850561528891,aggressive,evening,4,0.6109
768,2,30.07582534712,31.25722421039532,0.8442217350625004,0.8590283870364812,all_round,evening,14,0.6939
769,4,30.02884904980629,31.15803768696696,0.4344341079738517,0.6820916531140412,aggressive,morning,3,0.5942
770,7,30.02010718774036,31.31264502748144,0.7649766887016759,0.6882680095379207,all_round,afternoon,10,0.6518
771,10,30.13783628577517,31.14378427312792,0.7096775051240647,0.7814626829434934,defensive,afternoon,13,0.6195
772,1,29.82393022971679,31.21709070913078,0.7850266873818201,0.8071798217991378,defensive,afternoon,11,0.6891
773,8,29.90658526638724,31.19311586880195,0.8069555899494213,0.5960485234756637,aggressive,evening,11,0.6251
774,9,29.92503436589005,31.25314565275055,0.5249962564534365,0.8276588413125094,all_round,evening,2,0.6993
775,10,29.9909391481945,31.18876079425156,0.3589473079703097,0.7370055807037835,all_round,evening,1,0.6061
776,5,29.99963134641872,31.21832850983432,0.5539664853770817,0.5315917810697943,all_round,afternoon,11,0.4887
777,2,29.89941394817816,31.22110959265776,0.8100429171548613,0.6945188274630391,all_round,morning,11,0.6609
778,3,29.94118735741514,31.18124897940869,0.5524392973653253,0.9271918523338388,aggressive,evening,11,0.6264
779,9,29.95113266571811,31.27880750947977,0.5250722017056245,0.9714892197368544,defensive,evening,6,0.6963
780,9,30.21659392736607,31.25907106998699,0.3221569384535651,0.8276022686413016,defensive,morning,7,0.5413
781,7,30.16413935581977,31.23291088437974,0.965476559819169,0.5414484767747445,all_round,afternoon,0,0.824
782,2,29.98706004658523,31.20556333332304,0.7986284554565558,0.7935910353683832,all_round,evening,4,0.7838
783,2,29.99091333677546,31.3037235224416,0.7885812766294577,0.8476291355788789,all_round,evening,7,0.7582
784,5,29.92806368022494,31.22113326049486,0.8241905696203053,0.8288561974978083,all_round,night,1,0.8477
785,6,29.86734956694198,31.21546421697392,0.7538075050778124,0.8377431433031877,aggressive,evening,1,0.8191
786,1,30.01064958508732,31.24837520239105,0.6060208060676848,0.7744894618871296,all_round,evening,0,0.7438
787,7,29.94017184134048,31.37572693463767,0.6205224612580037,0.7091381491754184,aggressive,evening,3,0.6874
788,6,30.01321195746704,31.1327715033583,0.5730384143734175,0.6287448756143972,defensive,afternoon,14,0.4913
789,1,29.89198353207652,31.30158855144443,1.0,0.4353096722247755,all_round,evening,10,0.669
790,1,29.95904204333518,31.08854630710095,0.7500641656338997,0.7709462650070026,all_round,evening,14,0.6207
791,5,30.03189016762423,31.25738185265829,0.5665159205567418,0.7479079265478282,all_round,morning,3,0.6767
792,8,30.04929676782271,31.3660066262087,0.7337894193499304,0.8036363764237224,defensive,night,8,0.7048
793,9,30.05339775669936,31.27909348195738,0.4680435947858629,0.5193684460060659,aggressive,afternoon,13,0.4191
794,5,29.91436088126744,31.25365000628318,0.9208112093460609,0.816752503397259,aggressive,morning,5,0.8336
795,3,30.08837485841084,31.19516404249575,0.5310075627547148,1.0,aggressive,afternoon,9,0.669
796,10,29.95598306427185,31.24248377603908,0.7401953778720438,0.7317675196166866,all_round,night,10,0.6559
797,5,30.07062863316859,31.21983497476773,0.8418759733537642,0.7107502021190188,defensive,night,12,0.6676
798,4,30.01914890587054,31.17712187136549,0.7192583379568988,0.7663503534128551,aggressive,evening,14,0.6052
799,5,29.90988900007376,31.21680995076201,0.6670045985275349,1.0,defensive,night,9,0.7302
