internal_user_id,public_user_id
0,d231d2e1-4a62-5ee4-8611-7b93bc211889
1,5978442e-ae05-55a9-a1d9-bc4515109d09
2,33d61e6c-cbfc-5de3-a9a8-ce1ac7f8ae03
3,ee24ef07-a5a8-514b-a578-c98ab742359b
4,a733ea38-2022-5c7a-b651-238f5cee7b53
5,14dbddd5-274c-586e-9fc9-87bd85c4ece0
6,41700a8a-67c5-570f-97e7-b2261bc58d90
7,1ef89b95-ce7e-5195-84db-f0939e8b6950
8,1b542b21-e2d3-5463-896e-5a3e979756a6
9,786979f7-ad4f-5697-b1a6-9814ec8413e9
10,bdd056ed-21cb-5f31-94a2-866ac2d67c0d
11,6cffe141-d1c9-5e62-afdd-a01ed8409523
12,4249f8af-021b-5dd9-9b1b-efcef6de1c15
13,c46508b1-ed0f-5f65-adf6-f6fcef244937
14,8c2d59f4-2526-5ebe-8c0d-3d349258313a
15,696d1a93-3a26-5329-ae22-a48ef2da8ca9
16,4c942b87-a3f7-5d3a-8620-7221f4e9ac39
17,0dd402dc-1521-574b-a013-05d2f04e6c84
18,b5c74bd9-ca54-59c3-a4a6-24267d7b6454
19,9ea1be30-b294-5b77-a6e6-222091186289
20,b77de858-6b07-52dd-93ef-7647711404a0
21,c5ceb452-156d-5234-8e07-fdad1c2a578c
22,30074acf-3043-494a-9e7b-c596f4af5f16
23,655667e7-ed8b-56cd-9dc3-2f3881e6797d
24,8d8b15d0-f0c3-592e-affe-defdeda7fae6
25,4c916aa9-901c-59e6-8807-0646f8267b53
26,b9ec4531-8c11-50b4-92a5-558938eb7a54
27,f371e1f5-f2b6-5a15-b8bd-7645151242a5
28,12952e9e-dae1-575d-aa80-432e128a778b
29,647970e5-6747-5943-91aa-5139f6912837
30,c5fe858a-94ea-5f16-8ae3-15e191c60f62
31,0d0e015f-6748-5006-afb7-1fe649e12d0b
32,2a12ac95-d45e-5b70-b1e8-84cc3fd5f2ca
33,5633c5d2-594d-5ca7-b06a-7b6c21434efd
34,66a8b18b-47e1-547c-8ae8-b786bd09d3f8
35,80ce3ade-d1ee-5820-aa08-8e3fef0d0a0d
36,0e528bf0-1b00-5049-bbb4-0449287c46b3
37,ac9e0c20-8287-5a0a-afc1-cf90ff861dd0
38,d6b34be1-9e76-510a-82a0-8b149f45d785
39,c2a57e6f-e55e-581f-aa4b-f8c623ad8211
40,7a73b1fd-429a-52a7-9b98-0468686ec2bd
41,21b4d949-7b5b-5951-8f2e-f1ae29bc0718
42,1cc25286-3b5c-51c5-85c7-17d336caabd4
43,3a1b11bb-509d-5690-8d3d-62f945975dfb
44,2c37e38f-e0e3-57de-ba3a-60e16982374f
45,c27fca3a-c080-5d2b-83de-a43796989e9e
46,0607f82f-e8c0-5879-a0fd-42dd858af689
47,058b7516-6f1e-5c63-b6a5-6bc4a9e608b2
48,a21e04b5-3e00-5175-81c0-8525ec30c2ca
49,90829ccc-81f8-59f9-b431-335b8b857141
50,053ee3ae-c2a6-54c7-b662-858c837df45b
51,947a2c12-1c7a-519a-bee6-d8b5d4ec9e31
52,81f0754e-ac91-5516-9d9e-231f5d520088
53,95e09bab-6d5d-5abf-832b-96ca6dd56225
54,3f3165c9-75db-56d3-ac6e-a5c037b18c72
55,0bdd63eb-9a5d-5a1e-af92-61fc9b4f2279
56,bdd7dcc8-f7c7-5db9-87ac-903220c2e95f
57,dee79767-d455-5d78-9769-b9bd4b755d17
58,b532398f-c70b-5e1c-9b47-f093948229cf
59,4ba80d17-e516-5b0b-a2e2-c19d6a679880
60,ced69905-835b-5981-bd90-93865adbe300
61,4cd6af55-7557-5a03-8caa-017c43176943
62,f3aa2fef-be74-5f2f-935e-705757fa17b1
63,17ff81e3-31d9-5542-9ada-1afc8f3388ca
64,29f6be40-7494-5b1c-846b-22c1e8b9d442
65,1ddda386-c8b3-593b-a7a9-60b271d2f5ef
66,e895d391-ef22-57c6-ac50-456212de2267
67,a7c3c182-cb4f-599d-8c25-6db93f2927b7
68,c6c7d360-740f-5e87-b7d3-e6a241335a13
69,d47f81d0-114f-5b04-825c-432d20681a7d
70,1e8e1547-68c5-5706-98de-4e1e9f55bb43
71,6fd7deaf-edd7-5e68-b7d4-5381f7aa7941
72,50429a33-5786-5a35-9879-b88ee3e37953
73,b73b86f8-6cd6-579c-b4b3-edf3376dd0b7
74,4512f7f2-a56e-5fff-b35f-ea8fce5101f1
75,2f234a46-44ef-570f-9de1-fec35b0f22de
76,16dd871f-5974-5073-b08f-0d656f081663
77,3c94547c-c4a9-5784-b593-afca809d7637
78,59a19239-a7b9-5af2-8476-1d23c1f21fa6
79,289c1721-b566-584f-8e6b-67588ebb1b72
80,c19f1cec-8fcb-5a30-8d0a-13ce8b1a85f7
81,768f5242-29a3-53ae-aa34-19899abcc373
82,fa8c378b-e57f-51ad-a305-d7d1d9e4f6f4
83,2818fadd-601a-5f65-a0d4-89e8462e69d4
84,e9fa0834-2af5-57f1-8c05-d330bd9c7000
85,f8406a8b-2e9c-507c-824c-6d40bbd54836
86,c648f594-4ecd-52b3-a744-a8a6c86b0209
87,ef2f8987-665b-581f-9271-57bbd002f98c
88,abdd35e2-7cc8-5138-b49f-c4a4888a13e9
89,1eb563d6-105d-501c-9b36-267aa9fc0c3d
90,13dd4e9f-8dab-53e2-bbbf-023ce74b8f6e
91,81460bf2-aeb3-5670-9231-e97c6479a4a8
92,0dd8c946-a85a-50e9-9e95-196c4c01d830
93,6efd9839-01d1-5dc9-b5a0-f250ac767106
94,76f38ceb-3922-5a84-a119-2a16f5f528c3
95,6ef25ebc-162a-5835-a6d1-20dffccc40ec
96,0be1efb8-9933-5faf-89b6-a90ac668af96
97,aad6fbae-6204-5c20-824c-0c64af7e4a0f
98,ea87782c-4b85-540d-aa8b-1eb9ffd22d99
99,42feeaf8-3ba9-549f-8d71-d042caf3193e
100,828c1203-4b5b-5b17-a971-171b2df44edc
101,46fdd599-5f27-5363-af14-c8cc9b1b3761
102,b000132e-26f7-590b-bb99-5cc55487970c
103,9d76c642-0c6d-5882-9d4d-d4cc411cd66c
104,bf023e0a-0791-5d68-8404-9ff94fbb18e7
105,0bd7f2c6-268d-4b5c-a0a3-948f7b43b909
106,41885ace-16c9-4b0e-98d8-1c3fe421f3ea
107,1275902d-8b57-5049-9682-d425c9863e19
108,e262fb6f-c24f-5ab2-a8e1-7df8cc1d0f18
109,e56dffab-9ae6-59ef-93f3-53cfe78e2a20
110,b10f82b1-19a5-50ce-a64e-f5bd91cc7814
111,7b296e07-c4e9-541f-ac25-1672b651eb9f
112,15797487-2e91-57df-9b14-f7730ee8c20c
113,1e11aae4-5732-5a4a-bd75-9a67a31d72bd
114,51cc7d08-9ab0-5f1c-a226-639aab6b5904
115,79346b29-0b1e-5988-95e7-4ce84ce03208
116,86c66cab-0bb3-50c6-9cd7-cb2db00df9d0
117,5fe917df-4835-59bd-b1b5-6cb43ac00256
118,2c4a1c12-8cc4-5688-9c42-b5734c5cbc4d
119,2912c3a2-a4a4-5ce0-ade4-4985aedb8372
120,52cc89d9-015c-5f56-a600-ed804a69ea46
121,488f8e7e-55d8-5a81-9ba7-b6d2263b19fb
122,c0107ff5-953b-5399-9fea-4ea5b9f1280c
123,d0beff39-27a4-52c6-8e43-fdfb090feb87
124,45a5a763-680c-5f5a-93d6-5e25c9744a7d
125,16bccba8-f198-5361-871f-43bbb26f80fa
126,8fae0637-39ae-59ed-9f04-e7e7bbbe333a
127,8088bc2a-db40-56ae-bcea-c95d081c4a78
128,644df782-1a5f-52e4-a7c4-910a190a46e3
129,36dd5137-2990-5f9e-8a71-71d600c76a55
130,90f1aaf5-b67a-5306-9374-a2781c6ae52c
131,548863c9-72c6-5fb0-9ae8-def38d14b442
132,72012f43-eb00-5ab3-af3a-4c5bea30f6b0
133,8d1eda2b-8267-52e6-975a-f8189d0d63c5
134,f9c52e0c-97e5-5d89-8c6b-72c480e022ee
135,91905cd4-387f-502b-a126-f11b37f5c35b
136,21d1e32c-7331-5d29-bbbf-d4621ead771b
137,eb6c7e4f-b88c-56d3-bb88-9b40a30307dc
138,b46cd69e-e6be-5142-8f00-f0128207239e
139,c4a9a946-1d37-531e-98cb-f851e11a4c5e
140,65cdce4a-5696-56bc-b805-d142d728e928
141,f0fdc0b1-dcb0-545a-8ded-cab131dac497
142,4aed3071-200e-58d8-95c0-053c0b1f7499
143,0b182f5b-5d6b-5a57-84d3-b308c9fbdcb7
144,c58fa538-fddb-5a4d-a0f9-e292bbe9a8b7
145,d5b5c84f-a7e0-5808-b890-dd50db7a7c11
146,b9ada413-1eb4-5ed6-ad02-dc204552f64c
147,c21401cf-f9dc-57af-aa59-8db8ac588e1c
148,da4153c5-48f7-534d-85c9-da15c8ab7d1a
149,68fa376c-9610-5b4f-b62b-afcb61d43a3e
150,328025b8-ce24-5d9f-80d3-9d941b469df5
151,c65f152c-a878-5b1b-b4b1-4934db3a5fdf
152,6fe90e55-9c91-5132-9a22-ff2d5cfca95e
153,d0881d76-e660-58bf-a5f9-4788255d1fd0
154,9fb2684a-a1f5-58f2-b509-265f4d714e95
155,af8820dc-2472-53fe-b378-bb581e3f99ad
156,e0a13573-d3be-55a0-9557-9cc45e0727d1
157,2e9268eb-350e-5df3-a111-d2523bd8f732
158,90ab06f4-82c5-5097-a082-812492ef684b
159,d2949188-98c3-5171-8b71-fdf20c0180a2
160,49f80b1e-379e-5156-8edb-1fa8fca36b6e
161,4fae3b34-3b49-5b05-8976-f21f713f2435
162,9c264a91-3cdc-5335-88c8-8a2b74e29250
163,43c2645a-abf2-53ef-ae34-5b9aca0d0333
164,9ad31ee1-c459-567b-a712-3ec74ed0ba07
165,bbc3e64e-db40-546d-9ad7-07bdb9297368
166,6179338d-073d-5a4a-a939-2bde92feb10f
167,ae867efb-42c9-5f17-90eb-fd1a0e9e4050
168,a16e0fb3-be2c-58af-a3bb-fb01bafa0fb9
169,49cc66d2-ac0f-546a-901e-a0c5503beadc
170,d9d00546-8c67-5d79-92b5-773071daa7cc
171,02ae95d8-8dd2-54d1-b3bb-2936e750dffa
172,66782b16-2b31-5db6-8180-e23d798f7f27
173,83c340fc-ff9d-55fd-b0ea-f295cffa0854
174,86b93489-01d8-5200-8d28-4c75e870a019
175,1d722e46-929a-5601-aa46-be26907bda22
176,b0bd4810-fdad-5990-b1d6-626d88666cee
177,45921a81-7c9d-51c6-b489-1e1a09956edf
178,e4e95961-f914-571f-b041-ddd91310736c
179,2ed2fea5-2c06-5db1-9074-87795a863486
180,925c5446-9be0-543c-aa1e-d7e54805db80
181,834e9b6d-ce5e-5649-9d48-a17dc9ec4a10
182,6825c398-66d2-539f-b51e-f4c061b3a5ec
183,e08e34d6-54df-5598-a107-219688e4bc4e
184,c33504f7-9ce2-52f0-8758-a0d94525bf77
185,86554ef0-c00b-5b20-b1be-ec5817e9146f
186,a9f1091b-448c-5763-ac21-4f123bfc9015
187,436f958f-7f0a-586a-ac73-a6dd1383638d
188,b6ecd825-4c84-5ddf-af8d-fc9427a686d2
189,8349c5a6-632d-5b72-b457-c318f43d352a
190,26053bb0-9966-5cdc-96c3-7e3f6ad243ec
191,dfb2fa89-dea0-50d2-97ad-37420b488ce6
192,62a1b896-e3fd-59d7-b62c-fe25974be35c
193,4f250c85-ec8b-5102-b86b-a2ec1701e3df
194,8cbc6425-1b7f-54e6-9d3c-ac093abf428f
195,97721267-0211-51e9-addf-e2d38a14e47e
196,959e2f70-ed02-50ff-b5e5-d2c8417a9d5b
197,b367d1ad-895e-55bb-bd1e-67960bc1b729
198,a8e81217-0371-52af-89d2-093ac74dd8cd
199,fb075e4a-ee5d-5d73-a4de-d14061ae1693
200,538a674b-65b0-589f-b7fc-b644b203dda6
201,cbc45403-0f8a-5d5f-9de2-4ae59a1d75a4
202,f5410a05-99ae-5891-ab44-0883696ea8e5
203,ebb1e76c-1106-59a7-9cc8-7ee1100667c2
204,60c6d8b9-e247-523c-a576-4aa89557fa2d
205,91e484ed-b549-5e6d-9efe-8324c3bc29af
206,d9e49d9a-4919-5033-aef4-15e7ce2e7d65
207,b90dd5d9-1f9a-5e1f-b3ce-999fd975a837
208,cdf69523-4d0e-5ded-b2a4-ec0a4321653d
209,4fb483c7-76c1-5d95-99cd-b4e4d9a8511b
210,cedb414f-3f2b-54ee-87d0-f6795ebdd63f
211,19615800-84a8-510f-9dc9-29ec83f25316
212,3a7655b1-f2a2-5b56-a08d-0c746af84212
213,e6d5c52f-08e8-55f4-8339-a0b590e9070f
214,5f1d0db3-ac60-5b19-a4ab-1df5dd3d5e06
215,36dbc6d9-8969-5cc0-b3b8-6753ca3498b8
216,430f06b7-ee17-546f-82d7-e9280a1a14ff
217,158d68da-cb94-5de9-bee7-3ee6a575937b
218,4e792543-fe8e-5816-b047-7e9611a39af0
219,2b66e45f-a63f-51ec-8c67-73505df0fbc7
220,806505a9-b961-5a51-bc1f-127c2d8a6c60
221,dff7b1c2-26df-586a-8ae8-36354f65a37c
222,7ad98d4c-0e8a-5c38-84af-3596be9c3b33
223,5c63199a-a5d1-5226-aaad-ced83942e9bf
224,d46ec425-80c7-5013-a6c0-7b916c8a9bf7
225,7002e162-22a3-5671-aba5-a74135e4f996
226,2a12fb33-20a1-5228-bf30-6e18668ea443
227,bcb657c5-b645-567d-837b-17d1dd4a7784
228,6c4d0a78-5715-54ea-8ac1-e7db6301c6bd
229,e1848dc8-fad9-5b4f-8083-ef1bf193a0d1
230,32e1455c-df51-586d-9abd-a228eeb85014
231,91aca209-cb09-5c9c-8640-7ceef7572364
232,8d5da0aa-1456-5043-b0ff-93e1f150bd86
233,17377ec0-a909-5b53-aa5a-9e69768656d5
234,4a4f2fa1-b6d4-5b48-a471-0c5308b8c389
235,9119b273-6949-5925-af0c-a518099ebbef
236,22290211-4429-5f5d-8389-f9097ce8b283
237,c48090b1-35e2-50d3-b83d-af6ec43d7f40
238,eaa7d1b8-cc62-5fb5-b495-48c05ad802e4
239,7f7e8d75-2f77-591a-b0ae-f57855decaa5
240,f1542314-668d-54f4-823f-323bfcedb42d
241,1de6fcae-317c-5702-9847-f2eb3365fe27
242,e323a124-3586-5fd0-8844-f3c34c14b49b
243,30d60d44-0507-5b8f-b26d-f532378e0ee3
244,db7b4b30-c42d-5b35-b6e7-d19125efa1b1
245,376032f0-dfef-5258-9ab3-0f11aab8abfc
246,e664b290-9e8c-547d-945f-0c4251ceed45
247,26b4380c-d48e-56b5-8ec5-98cbec5f6242
248,8168ab4f-3eb8-5bb5-a30b-8cfb93793cca
249,4f415de6-27e6-5448-99b0-9421fd416584
250,9451d23e-f2d5-54f5-9062-cae5c0c54393
251,02052a6f-15cd-59a7-9484-f79344a1c2f5
252,eb79caaa-aa5a-563b-9a18-06df5df1aefc
253,3a5d2429-be8c-5807-b059-a87d677a70ca
254,8ac649e7-3137-5b4d-81ce-297a88efb27e
255,60a72813-d404-5838-b1ab-4f2e5ac9f5bb
256,b9cf924c-f7a0-5fd0-942f-c2d571df4dd2
257,6d6db56a-5418-52db-bbbf-634ac2e5a0f0
258,bb97c28e-75a9-57c6-849d-1376fa4d69d4
259,04ee80c1-59d0-5191-95b7-1a43b98b3436
260,b2ccb37d-07e5-5343-9dbb-6794935e15eb
261,b6b828b0-af54-5fad-83d2-8ffe1969ece5
262,fc367bde-d0b1-5cbb-91c5-13714aacf693
263,88335965-20b8-5a4f-950d-4743536a9493
264,93915574-62a5-5255-968a-18b94598e31d
265,d2f3c12c-4b46-5b04-9909-640b4bd628bd
266,27042d87-2ddf-5124-a3d4-8d8134ee61df
267,777c03ba-6614-519b-80b5-af7158a67b46
268,2a8ab2d4-6f5d-5e1d-8657-c2ee5f52dda7
269,d9847ab3-178a-584a-b7c6-490ad0a6f5f8
270,dfc83027-b9ab-5ec6-9712-e28b7897a3e2
271,3e17d729-3d91-5067-b32f-8e33abbdff7c
272,b1dae518-0d77-51d0-811c-61fa771d382b
273,07af433f-439c-5413-999f-eb82cc5f07b0
274,a2b1ebaf-25d1-538b-9e69-633362a379ba
275,cf9de10f-27fe-5ebd-8e69-30b5f5a6bb3a
276,73cf981a-40d7-55bb-9c3f-050181d15612
277,4e69793f-b1d8-546d-896f-9dfce5f7982d
278,7f3579f7-2873-5ce9-a172-9efb497f9f36
279,216a779d-0a93-5cc5-b11b-6b7e4fbae103
280,8e990d86-017c-5543-ab18-93e3724d6dd6
281,5783f22b-28bf-5216-8504-a7c400b5f91b
282,851a15c0-d629-560c-8777-f341df18844e
283,df67076f-f91c-55b7-8669-c5b2f4014d99
284,fde25d74-2c63-5957-a557-47f39992084c
285,7e6b2f2f-d731-55b2-8aaf-be5584cdd29f
286,79231a26-9869-5973-8038-bda4ecc61d6c
287,f6e4fa83-d9a5-5d0f-a157-216bc76f4320
288,872129c2-b0ce-51d6-b243-41f11fe19829
289,640ea76f-97ca-5131-943e-731bd99f2f8e
290,2c90de5f-ccdd-5924-9e1b-a8602ec21772
291,88b52650-f215-5828-95a8-7663ca127572
292,e8f3dcf8-1a26-5086-ade7-31a295248915
293,bec262af-85ab-5847-a093-38087596464a
294,9cb6f529-012e-54d7-9e04-7b0ea64b66c8
295,11bc8b46-49ba-542b-a1a0-d855b631ed1c
296,f0a81bc5-2f08-505b-b11c-9f1e7c99ae23
297,bee905c5-d624-555f-9f4b-0b55e70369bc
298,05316861-abd0-59c7-b403-37f576a4698e
299,fa430bac-85d3-5d74-a29d-70275a71fd53
300,1a9ed404-8213-519b-9b98-d9d4d456d080
301,866b6eee-5d7b-5d80-b577-e9abd696db85
302,b4b3b404-1aec-555f-99eb-a19444e0ea21
303,99cc0284-c305-55c3-8e0c-1c9709431d69
304,898e3cf6-45b2-573b-b955-d9f36e51ef71
305,3f34abee-735c-55d1-a1c9-0083c9ff4f51
306,4d53be89-a089-5f22-a85e-d639e951ee44
307,c8347b4a-9d8b-526b-b881-0e50c01cddc1
308,f7617d75-3920-5bcc-b3b1-dff9bfb52269
309,ce7729f4-ad1c-5d33-ba4a-5bce6cd2bfcc
310,93e390f0-0c57-590f-a4a5-3bd1ac644261
311,77b7a8f3-e02a-51ad-8cd7-daf03d64f047
312,68f9456b-15b3-5095-b251-958e033070e1
313,33fb1c21-5188-5492-9107-aa80cb769e8a
314,5e98c094-5d09-51a0-b3b8-c958e5c25dec
315,3b2a9240-b13b-5169-8211-a015eec641a8
316,25697ff5-b621-5893-afb0-ab74d22df11b
317,105793b8-b8f6-5b21-8ac4-f5b2811ff234
318,70a71cd8-61a4-5c79-bc11-83ee1f2cb3df
319,5a25e955-9fc7-5ae9-bf3e-12576e6960db
320,c90720c7-9f94-51cf-a006-0bf57fb1fca5
321,20ae14d2-bc63-5428-ac1b-25722b22fe45
322,75c64335-2a25-55ab-9c39-900c269fa343
323,916d6582-7ec9-5917-b988-902c2846badf
324,2a95b052-4c19-54f1-b0cb-110c7602cdac
325,54436867-6883-5c15-a299-89d16ab5dcc9
326,9c036bbf-833d-5c3b-9476-0d6ec20c02ce
327,7cb8dc9c-ef0a-5278-8a33-ce4b09999f89
328,453e4bb6-f9b1-5692-a2a9-1972afd27577
329,19d125a5-f8d2-5931-afad-86da7f0d0adb
330,ce883d98-6f72-5c66-8141-e30a47867f73
331,b07fcb2f-e6c8-5dd0-b5af-28ede1e40157
332,637741a7-c3eb-5943-b0e6-1430ee1e4d6c
333,955184e6-b650-5b98-936f-dfde881f5699
334,56afe616-1b97-53c7-a17d-626f03b24eb5
335,cd376bcb-a8d4-5065-8406-14d81684ee70
336,07d626b1-d8d2-5934-b37b-cc1ba126c4f5
337,f87f46fe-71e2-5771-aeb0-2ac34d4f130d
338,1c75f188-fc8c-5120-8bb1-466f132d5885
339,3ba260ef-91dc-5abc-8037-711393ac1418
340,f6bbb2f6-48e9-5f0d-af71-b00bec33af4e
341,ee8eb3e8-0c6a-5bab-99c6-ca21a50e5389
342,8556a240-75bb-5c43-a1ff-2a9d756dfd7b
343,1bcf448f-ae95-5a4b-bdeb-6dab71429d64
344,2fc66621-4a34-5036-8edc-289cb8433d9d
345,8a6e22ff-dbf3-577c-a546-cd1b7e2833ad
346,52fde7fa-d252-57f7-83ff-c7584789df7c
347,d65ef564-01aa-5422-933b-b6f95f1ae7ba
348,e9645c78-208d-58c4-b8f1-fb0af31d5df2
349,c904dde6-be28-5477-8f8e-abb2437a6591
350,72e224f4-a7cb-5733-b9dc-444ad1a65ddf
351,80f0d6e3-00db-56cc-aff6-af31a425d750
352,c87cb56c-f912-5a6f-ac26-17e05dbb562a
353,2392a0ab-a2ad-5e2b-a0dc-d26e0ad84cb9
354,50935cf7-ef45-5367-8284-274a999aab8c
355,d80ce337-6deb-570a-a851-48491075c44a
356,4d3bc727-9aa6-51c5-94b1-0394bc1b36c4
357,facd7bf5-f89d-502d-ba4b-bff25fd851d2
358,b2eccf64-9840-525f-bdc1-165a52421d56
359,2d7ff80b-dcf6-532c-ae39-f8b471513d8f
360,c161249e-579b-5200-9eee-d78d2a1b6010
361,dd12d31e-4a69-519d-920f-2167522ec7d8
362,2bfc33a7-7c39-5097-b800-8049b8e369ce
363,caea5289-43de-562c-81d3-d05116f7fda9
364,ed73a499-51a9-58d3-9eb0-32c25b204512
365,2e153acc-3038-5d10-bbbd-de1753dc75f0
366,70e7beed-6750-4867-9ecb-f942b18ad46e
367,a0791f87-7123-50b4-9529-01190292c06e
368,e19a8bf1-1164-5087-bfbf-c5b7ae7ff6a5
369,af8c2e42-82d6-5573-a08d-05f8c389cc4f
370,bf59f188-b259-50b4-bc69-f6d486bffe5b
371,284ce5ee-d4a4-5740-bf30-46d7f810526c
372,a94ecd6e-412c-56d2-b78d-75fc84144b70
373,a18c25c6-5237-5a2e-b44a-6d0626d00d9b
374,c18e48d5-8bea-55df-9149-061788fdf569
375,c1402286-5012-59cc-853c-cca998810ba2
376,ea32ed99-b45b-569c-b948-e483661577e4
377,268876e6-7b6e-559c-b8dc-23751a30b4c2
378,6f0d49d8-377e-5b6d-bb97-2cb66ede0e27
379,1646ffe2-767c-5583-b2b6-92d96ff223cd
380,67ee12b5-0566-52f9-b529-75711c500ae4
381,f80df230-4e48-561d-9cd1-d5bfd099ffb6
382,22ca3549-5058-5c03-b34f-a43886d4e9fa
383,cd99b1c9-32b3-531c-b8d8-806fe033fc15
384,9cc0275f-138d-5fb8-98c0-eb43868f8bd3
385,32b30138-8a98-5e77-b7d4-f36108f09704
386,f6b4133e-5196-592b-ae71-4b7b27ee8faf
387,6dffb760-3080-5ce6-ae2b-253ce2aaf75f
388,bb0e1bbc-9a39-5f3e-8b23-504d147855de
389,8be9174d-c239-502d-940d-98d1586451cb
390,618d68a7-3e08-58d4-829f-64424fbb2151
391,0a915027-8c35-543c-8c57-a6ac260afdee
392,051d2ab5-0c34-5269-b886-ea7060f44ca7
393,62559aaf-bf0d-53f0-bcec-26b83022270a
394,8edfda32-c4cf-533e-be73-54bbfe5e8fcf
395,061574bd-2487-55a6-8f39-43c09ae6ae32
396,83f973aa-98d7-562a-a7ab-9cfb54bd443a
397,e63a0d4c-4dec-545d-abf0-4424a99ece6e
398,ae726c62-b3bf-5a2d-8bcb-5827597a2d2c
399,4a0aa8b1-cec8-57f1-a2c2-dfc33b60ed20
400,7aa5a82b-4ce2-5bf3-8bc4-91291c028627
401,f78dacbe-1bb3-57c7-bcb4-1008002745f1
402,63e0d8b2-bfec-5b5f-867a-bc38d3ddc652
403,f9f57e3b-5d45-5831-bd30-fece7b4d914a
404,03432f3c-dc21-5e17-bbb8-f0bdbf2052e6
405,5bf01f26-d289-58fd-9774-faaece6171f6
406,2501d809-17ff-5b67-b740-934051b842ab
407,6f0e18b5-3caf-56f6-8af3-89d3cc4da05c
408,e943b492-b3b0-5c19-b19a-830988c792d0
409,91210c05-6140-5476-a502-0afcbe515bce
410,9bc2db62-82af-5763-82ee-1eeec7ed1e10
411,453fd949-1563-5297-a150-2a25fb74690a
412,7078709e-9fee-5a4e-8451-7155303b462a
413,d2955d91-798d-598e-98e7-062dd39aae53
414,7d98328c-4c5e-557f-be50-eaa8d7806094
415,723b8e78-b667-5c5d-ba6d-c2716d77d6c6
416,20c626c6-9d46-5794-9781-ed66a7886cc0
417,44a18c63-02f0-5137-ad3c-d22694e86547
418,500f2735-f2f4-585c-8591-91fd508b303f
419,283f4a3b-ab10-5b2d-a3e7-3e2a3e283d70
420,2cfb9aa9-bd46-5844-aad7-835d1b4a5124
421,2562cf61-4f0e-55fd-8b02-36cba27bf62a
422,72305aa6-a68c-5ab7-a0fc-1ffdd717e5a0
423,2a2f0947-7ae9-539c-9598-638c0918263d
424,78e2cfd4-4778-535f-b80c-1988f4d310e5
425,f1c76c67-4b69-59f1-a73c-ad6000185e61
426,ae179f5e-323d-574e-8c63-a17dd4dd6deb
427,8b98ef24-2ef8-5245-b1e6-d9d379fe4f1f
428,3f5c954a-eb82-5b12-aa87-74b623f91341
429,5bce8323-526f-473a-b67f-8412f1e31e4d
430,3f6d14ed-7b15-522d-a3b3-fcc52a8577ef
431,6ac22e90-7fbf-50e0-becf-4ba49ba779a8
432,22e88699-14b5-597b-afe5-e1dbaed0a13e
433,8fb0f329-38da-5af4-adb6-0e05f0a369ea
434,bebf20f5-1489-583e-bf33-4854f2ddee1a
435,628453ca-a3e6-542e-b120-50e2ff23d71f
436,ddc9de21-48c2-5291-9cd1-19b2bbf4b29a
437,f3a7cdfc-b374-52dd-9115-5f70ff9cebfc
438,a74db0c0-9bca-5bdd-8d87-27ef22dc4b2c
439,11ae2e11-ef00-5e93-8660-203457fda1d0
440,4e15d5c6-4e50-5701-9bd7-de70c54803aa
441,99ab670e-5657-5d93-b918-1b3fcdc0671d
442,ebab0c41-3de2-58b6-9071-0089b2977a7c
443,690ce829-6728-589e-87a3-31fcd61654c2
444,9b481276-55b6-5252-8bc0-703698b98f72
445,358d7e0b-cc68-5cb2-9613-fdeb41ac4229
446,439b3ac1-674c-53c3-9539-d46728892e5d
447,1be9112f-bf2a-5cd7-b38a-a3e0681c69f3
448,8bfc6955-4dc6-5c29-9a54-bf1ed71d6efa
449,05fce430-ce0a-5c03-801a-811ba02dbf95
450,e90ea92e-623a-5614-a5f7-e97b37b0b30c
451,8bd77282-5810-5978-801e-2d5463c1866c
452,f8fea295-760b-5131-abb6-d6cb5c130381
453,1541191a-b7f1-5075-aab0-5b5cf7cd5810
454,dc5a9dc8-1a5a-5aa0-8f50-54a0de83ea21
455,1b854796-fa1e-55a2-b5ff-b8a51003100b
456,52d8f6ab-68ee-59ea-bb6f-9b14468ccf7a
457,abd84c12-0025-50ba-8eb6-f7708adbc19c
458,249186f1-88c0-59ec-a1ca-f2b543df7150
459,b3a16519-bf9b-5d40-b3ca-ed84858a275e
460,910bb6ed-cdb0-50c7-9d52-6924f9210e55
461,b37f987e-1789-50b5-8127-63e0444589f1
462,ddd26924-6fad-5273-8ed6-5ae6061621cf
463,8f8e497d-2582-535e-8321-6fbe7344b8b6
464,80f67f2e-3ab8-5d53-b5a8-5a6e5cecc5ff
465,5362d17d-7c48-5ee8-b784-9665678bb1a3
466,6c24ce65-0bab-5090-ac99-f6818be3e9bc
467,69b364d2-a9f4-5c9b-ad80-9176813390ce
468,8867f380-688b-5a2c-8df2-961a4cc9d3ad
469,ec370f12-529c-56fb-af6b-ca389f9691e2
470,63dda6e5-e535-5f40-b336-4acf9e8ad807
471,be1e08c8-19ed-5063-9e27-76cfa1181d63
472,397dbaaf-21cf-554d-9276-eb75cd07d190
473,b4259159-6431-521d-9127-b9c9fb541bfd
474,75c2ac72-1f20-5abe-9328-a7e6d3f365ad
475,1ecb5c39-5b34-5fa7-81de-b8607a772805
476,e9387eff-7a7f-5faa-8e22-71ac137ea137
477,9644c234-88fc-5eaa-90e3-b27eda046fe2
478,03ef9550-aa24-55a5-83c2-633bc98daadf
479,7eb0da9d-9027-5262-98fd-a0389c68ab5e
480,387aadb9-6188-5afd-b29e-ff031164ea5b
481,37cab751-799a-584e-beec-4faaa53efb71
482,dcad3ca1-510c-5d67-a936-e78c26cd1978
483,7bdbf1e9-0676-5361-bf95-d8841028c7ed
484,fcb1a840-fb91-5f44-ae25-28cdc5b8dbfb
485,30a732ac-41a3-503c-a42c-9c54340c962f
486,c5b01ed8-d1ae-54c2-a3c8-d335aa56a986
487,b5199b39-0fce-5cd2-bba9-fd58f2d03f8c
488,3e435e6e-f95f-5289-905b-1ca70cd210e3
489,6babdb55-db90-556d-a61b-a687d3c822d6
490,c6769376-a447-567d-89ec-fa27146ae349
491,0b2a75a1-2a05-5ce7-8172-6f08379541c9
492,8257dfb5-40d5-5fa8-8fa4-ef29f4bc5566
493,f9678dc6-3c8c-5da5-b32f-d1bd73c49ac8
494,108b7496-4c0b-5e0e-a528-750fffd31d28
495,838f5b28-622b-5807-8d7a-1e49265a7916
496,0a50b46f-69e8-583a-b4e7-70e055284fd0
497,7c4d2c6d-fa7e-5fec-8876-bd0f2c8e45e6
498,b56b2261-bc24-535d-b27a-cdcce3452b89
499,50b398cf-9a39-55dc-92c9-543236c252fb
500,fddf9769-d3a0-5ec1-b1ea-87b39309dc22
501,328b60f3-5b0d-542d-b4a6-6a2f2a6050c0
502,1cea5174-936a-4491-be8c-14755097ac16
503,219b08ee-8d48-574a-b6a0-a27cc4ec2e69
504,c2ce7f8c-da10-516a-b445-503c8eebca62
505,9a7fd1b3-b568-5ba6-9d75-b0e3a24b9dac
506,6b2e7da1-4265-5c04-a988-ac4016859453
507,621e20df-ea90-51af-842b-9d9e9e54c98c
508,4006d4f3-a6d9-56a1-9136-7a9b043ac145
509,6c900bc5-184a-5384-b459-3a00f01d0eee
510,fcc3209c-b504-543e-87e6-21083899498e
511,dfe340d6-1d22-5a68-acaf-85ae3af8c6d1
512,f62f017f-3201-5db0-9eb4-f9d09c3ff63c
513,d052ffed-c476-5a00-8650-d60050f92fc1
514,1d4dcab7-685c-5155-90d2-4c4b881c7a06
515,8e7a47a7-f543-5651-8498-be3d52ef9083
516,8efb67db-74cc-57f4-a1f8-91c5081213ac
517,53a0faad-8001-519e-b541-81fe4a05754f
518,9b1c9e81-371d-5a0d-ba52-b42e637f3329
519,ba79b43a-58a8-5662-8e48-d099c59b9b14
520,b8c6ef55-1504-554c-831f-163120e15852
521,96823aac-c663-57a9-89fc-1a50d68b4b22
522,d5590ffb-3fef-5c35-ab49-c0c91a36eb48
523,96027c7c-d0e0-5639-850d-cc5c85c5b4a5
524,43a6585d-4049-54a0-92d5-2e44a3983e1a
525,0fa5ed2c-583e-5bcc-a9a9-710c80c4538e
526,3a2cccba-7034-5d7c-bf55-463a39b165f6
527,68cb3c54-ba04-563e-85f3-b47e78f6feba
528,41e8d149-9e0e-509c-9c78-0c4d0e76f6ae
529,d00b905b-eb9a-5563-b814-90e365eeee99
530,9746769a-5572-5f41-adb3-1df0124f8706
531,db30128a-531a-546e-98f3-27a06c8c88a9
532,1f6ae2d2-04cb-5062-95e5-c3c053cf5f20
533,aeb3c321-547d-58f6-b7d3-ba11937008b0
534,b711506f-f6dd-5987-b80d-5e6fa4e2f8d2
535,9dc1d844-9724-518e-82fc-d2d824a2f4b8
536,ef45249f-4661-5797-9f53-ee36f8894249
537,12101feb-c0ae-572f-ac5b-a52969b1a810
538,7b1c9659-5b32-53b6-8f50-d56e1d7cb9db
539,a8099116-f6a5-5dc0-a0c9-f50c7b3cf4d5
540,8c16c47e-ec87-5197-bae3-9ce5ddac8a38
541,873e3533-f4bd-5102-81b8-288726ec022c
542,89cacea5-ea91-5a8c-b2d4-29b2423394fa
543,e83f61b3-3f07-5c17-9955-f5b1f7d9e1b6
544,869581aa-cdfe-5a44-9d3e-b904b777720e
545,244f2711-8b10-537e-b4c2-859bf8f20f53
546,97858bb3-e809-5f2c-a5ad-af660e6d2790
547,0d65304c-3707-5e93-8f7c-ff0eba643ee4
548,090fe0f9-3057-5a01-a580-f231f8925b0c
549,a01e70c4-793d-5f87-b69e-73362d921a4a
550,5d2918e0-8415-5e73-9e5d-d734925374ef
551,f105cc2b-8c49-571a-8148-ae1eb89eec72
552,08727852-41c9-505f-b69e-9f227a9bfd7b
553,ee59cb9c-a179-595c-b7f4-05c90c5cceb2
554,b7e425a4-ccf3-5c25-b47b-7fcf036cbcb6
555,82ebdbb8-37fb-5028-a4de-2539c978dcb6
556,86d43e40-a16c-5145-96ce-6cabbcef9577
557,9440ffe3-6b37-5dab-8cbf-57c34c8c69b8
558,d3c1bbaf-b6b6-5c85-8336-b122e24bb5a2
559,1c76140b-bb95-5316-bfc4-e03a8afed0b1
560,6e0498d8-10a9-527e-b918-d0693a5d644e
561,da6fd88b-b48c-5533-965a-1c8b74444c72
562,005e5eba-7290-5f46-8ddb-3b9d945101af
563,bcc69eba-84f8-551e-a76a-010c1e71aca7
564,0223403f-c8c5-5cfd-a3b2-fe7823e231ed
565,f964bf70-17f1-5e11-879b-4dcdf12807ad
566,c67e2142-0b89-5ebf-9f30-6a5b71c81ab6
567,15e0bbf0-2d53-5765-b302-7402d8d1753d
568,d1798e8f-a968-54b9-992a-c667581fde12
569,4185cda9-26e1-566f-b640-bae809c896ae
570,d0bb5240-a39d-5107-8948-13c4f7a6656d
571,34335fe9-2301-5249-9b13-8343b05b996c
572,ed29202c-a2eb-5273-b68b-f987bc706af4
573,a1c11ee1-0b6d-5af7-ae33-0b952eeb0eef
574,26172864-8214-5aa5-af7c-858a314624cb
575,b023c23e-caf6-56a2-864f-c08062796c62
576,ffb417c6-fed0-501b-9095-8fe7fa33182b
577,3ce0c133-9c80-5f32-8c9c-7c2a91d3ce73
578,6c081219-0904-5d2a-9828-c3f424311fe5
579,f382faac-bc04-5ffb-8796-220c5baa9fd4
580,e65baca9-e1f2-5ab0-a7fd-c0b0e30e7e34
581,ccb61476-0bfe-5d5a-ac0d-201df98686f8
582,e9e284a7-ca29-53d7-ba66-7c13c2b41cdc
583,87195b27-573f-5e15-a733-105e47c370cf
584,d4955aec-4912-5112-9c22-6bb11f4000c4
585,b879aba8-9dc8-506a-8d5f-63c79913d449
586,45f9971a-64d7-5b2f-9465-91ab49cbe076
587,a3aa42bc-4dbf-5b50-82db-61be9a6dba46
588,7529f1d0-5d29-5fe6-94d5-d9cd1b008c7b
589,906b5dbc-8194-5843-949b-daa31d522b9e
590,1a88e742-f9ed-59c2-a0b5-5bf98954087f
591,fa1042a8-79c9-5048-8ff6-675133d09142
592,e5085e74-6d25-57b3-bd89-0cfbbd0a895e
593,fdb0f96a-edb5-4d95-8448-88930e6047b1
594,9fabdc77-0550-545a-bd04-b971512e78a5
595,a786a930-2c2e-5473-90e5-0ca7602754d6
596,c28c51d8-fd38-5999-951f-0d86f4d3ef72
597,bf01c31e-18ed-516b-a413-31d5fee4c49c
598,3366a9af-3aee-599d-8dd6-0cfd72cfdb4c
599,42403d00-09f3-5435-b656-022f611ab628
600,0c6d981f-c6be-5f10-b418-bbe2ef5e45bd
601,b0b8e308-e86f-501c-a5c6-94bf551349c7
602,f5c35e9f-a8fd-502a-bc49-856d319e6798
603,50e1e780-648c-508f-be57-26f03d2df59a
604,53d86b6f-5a41-5ea2-a808-6692943e640c
605,798e6d85-74ab-587f-a58f-f51399685ddc
606,d07f4ada-a0be-5578-be5e-dce4f634d31f
607,b5d8739f-1c04-5f89-a4e6-aedcad8cdf09
608,778fa824-2f0d-5774-9773-d10788005254
609,1ab3b1d0-6559-5094-8b51-a7ade7cdff81
610,6b2a0afb-8166-5dab-93bc-0295bb7656b6
611,dfdc63f0-3066-53bb-a5aa-e5222f7f7ebd
612,c11c8088-2e37-5f00-94d9-a52cb748c0cf
613,4452eae6-50b4-54f2-9966-881bf01899ae
614,3323be21-3089-5fd5-8471-3925c451b401
615,74c2f948-a801-59be-96ce-fe8d22034558
616,1f7b6cc7-6142-5a9b-94de-b23e8b328ce7
617,89eb189a-75b8-5b8a-8d7e-600e452d832f
618,7b04f763-28b2-511a-b20a-2beec1febcc7
619,fb3e1067-8dd1-5330-9cc7-11c15d057ec7
620,4d8b92c0-0208-528e-83b0-c6dc8aadf5b0
621,c76c5bf6-b8b4-56ef-9ad7-e2646141e94e
622,4565d642-e6d1-5da7-be20-101f59aeef39
623,adf0acee-c21d-5802-85f9-01aeb63c919a
624,a8fb4be4-246e-5e0b-a5ac-7bf01ac9015a
625,f200c80c-ffec-5da2-9602-839ca678615c
626,73fdeadf-bdb4-5062-856e-8795ffd1c60b
627,29e75630-8334-599c-be09-3778436d81dc
628,e2c604c2-b87f-53b5-842d-51909df0ef77
629,978153fb-41f4-520f-886c-0485a2afb947
630,b79bb18b-2a9a-5731-ab03-f8c37d58588b
631,d5db8be6-9baf-5aef-91a8-6636f3b4a3fb
632,1f633c8e-5a0b-5bbe-8d8f-e5de3d736468
633,b0bff09a-0712-57b7-8e9d-ab2ccd96d9bb
634,a97a952d-b58f-5758-a4f2-9461a3f15f72
635,b01d11e9-0a2b-50ae-b7ad-0686dc53bcf1
636,75a60dd5-4724-5de1-a376-92fd6b8a4312
637,448224e9-6345-5035-bc38-ea04cde893eb
638,1541b493-354e-503c-980f-af6ef3fe5a40
639,5ce7558e-44c9-5fa8-ac7e-e549238be8ef
640,b39e2adc-118a-5389-b60d-d2c604527cc2
641,efaf74b9-07ac-538c-8980-a4cbe419b090
642,b53a8c70-7359-52e9-a7e5-df420e4222e0
643,91227826-714b-5133-8011-16ce45d70f69
644,b15a4005-cd90-5e02-863c-162779fcb3e7
645,ab14920b-806d-5d3f-a967-3a23cfa5721f
646,89fefd30-f0cc-5954-873a-f07f83997e8a
647,86631f0e-7f38-593a-a9dc-e324b36d2ec1
648,9284bf85-47e1-50d5-9fb6-cfb24db4ef29
649,32d1f75e-dfc2-57ea-aeb7-817110be388e
650,6ca60b23-3abe-54b6-b736-f1a352f5bdb5
651,6d7cd5a5-4f59-51d9-bdb8-0971075e6a1c
652,4e90bea0-a079-56ef-9845-1cfd803fd106
653,ffc3f47d-7512-53fb-866e-f7d9e698f565
654,d1da83fc-540a-5640-a0af-bcfa2b382353
655,a8889621-8a23-5291-b803-5074e28568b0
656,7ce3528b-b431-5bd9-8665-dd2a81bdb45c
657,7b50945e-26ab-5e23-b428-51f328963001
658,d1752a51-e211-57bf-ae90-c4b27d5243a6
659,b95c5bc8-80a4-5c32-bf6e-c7220de248c6
660,52730c17-a9fc-5384-a524-5a29a09b9b2d
661,3c35c841-1127-56a9-bf99-0f17c16a1c87
662,7148809a-747d-5bd7-93e9-5ebf8f03dd42
663,3a2f3e0d-5a4b-5360-b043-4f21a2dd4f39
664,ef3c2b40-3453-59a3-b979-2fc78dbc959b
665,cc0b1663-8fdc-5817-8d7c-42dfeae3c176
666,b0ab2605-1502-5bf5-9fd8-b9cfbd7a7732
667,bfa5f458-0b0d-57e2-9877-d711c3638cd8
668,ffb00661-8341-5e0b-8249-40a09d0c7563
669,821eff58-5bf5-5f02-9c41-7a7c166aa135
670,a8c5153e-0dd7-5647-b072-ddb91f92ff4f
671,31bc8257-9313-5157-be70-a9bec8422ac1
672,1c1b0be8-6b45-588b-8f1f-badff3958753
673,c9478670-47dd-5c3a-b36c-2180a38111da
674,21bdfb76-2729-583e-81b9-81a34d487d2f
675,5701f73e-ce2c-5fe6-be0e-517a46b8a35b
676,84bade82-ede8-50cc-9d6d-4043c96a0503
677,a6f10459-46c1-5cd7-ac70-71c3b5174a1e
678,ff8aaaa3-2eea-540f-af1a-d0e070130d2b
679,8bddc64d-cc85-541f-aa72-9ed1613d3fa1
680,71d926d2-2ef0-5300-a66b-68e96a1816b7
681,31a93979-ee00-58a1-847a-5f9fb90c2361
682,1930ab84-aca2-5ec8-b52f-c6ef8e669b9f
683,1b7b0877-cd08-51da-a05e-8a73523278d1
684,4c41f5e3-8309-544a-83cc-d532b892ce30
685,3f7d0d15-1e99-5c11-be28-186cd023adcd
686,e0dcdd45-68a0-5788-993c-12fb9acb0b66
687,a1fd92b4-4abe-5322-a15b-cc622f11832f
688,167e5391-505b-5371-97c9-1d3557b0e3a6
689,45f4114e-b59f-54f1-a631-24adb9da54a9
690,2bbb96e8-7aaa-5a47-9c42-b43cda6a3a4d
691,59ad5326-43b0-516f-928c-ff148e101516
692,1c1771f4-102f-568a-9232-0d65292d32b0
693,1a4deb80-85a8-5076-9da1-26d37a142221
694,a5e932f4-d5c0-50cb-8176-026414414e4a
695,b5825bc8-e468-506b-b04e-359333e5b855
696,60222e4f-7ccc-5bd4-8780-410bb80b77ff
697,52a1d22d-18ae-54f1-a00b-73e90976ca0b
698,3c355a5c-5c1f-5623-95ba-b05d313e3837
699,423532ec-3647-53e0-96a6-f0fda589127f
700,a7931506-92d7-52e0-aecf-a4bdb9e50542
701,87b5cc2d-6080-5930-b2ca-23e83e38565a
702,d60297b8-3d54-5425-96f4-9ff124ffe164
703,5c3bbe14-8809-5d7d-ba65-df4771975f53
704,01aa3aa0-fdff-5ae3-9fd1-f602359fbc12
705,0bfc9959-174a-5f7c-b5fa-9a8ea603bb28
706,3b9f3711-92fb-5e99-98c2-9be354979d18
707,a9d08bfe-83f4-560a-af93-1ebf415d90ae
708,f31728dd-d01a-505b-acdc-c4574ea0dad9
709,f96b7f2c-9849-557c-9a67-eb3795273ab4
710,8c8c97bb-069e-51be-9d8c-7a399fd1b2c2
711,0a3db25b-6500-50e8-834f-0d978e61323a
712,1ef4f637-2cfe-5ae4-9eea-ba756df953be
713,4525a5ff-c8ab-5126-8f51-865b0361597d
714,8d7706e2-c078-50a0-b0aa-0974fe838f68
715,691bdcdf-635b-5d67-a72d-6a01c4ed157a
716,d59cf456-3c4c-57aa-8546-f0f76cdd4436
717,9e28e4cc-01d7-5937-af0d-77dbb8f0ab02
718,3a01eb40-b3e5-5bf4-82be-b08850ee2680
719,f3d4779e-63a6-5dc3-baef-bacb23d6493c
720,2888279c-67ee-5add-9df7-4f6f88464855
721,7bdeccf7-0283-553e-bb79-a7f34b24bc4e
722,f86cf6d0-c238-5005-a801-00713f9d8f09
723,a2437b43-2a3f-58ac-8314-6387a3e820d5
724,34720824-dc94-5538-bc7d-da02afd4a806
725,0c13af06-13f7-5e08-a585-0d20bc4dd686
726,e57470ab-c2d9-5257-9749-3bf893f9df86
727,1362478b-2e1a-54f2-8dc0-0b063c9d18fe
728,cac0a653-32a8-5403-ab45-8cecc639a4dc
729,7a570563-5d8c-5832-85c3-e602e63934a3
730,8d154d1a-32d5-574d-918c-f206c1a52b56
731,d4a7cf16-4cdb-56fd-9905-d3c3becd12a0
732,7c98951e-c39d-5da7-888a-6604d11470b3
733,3e6814cd-dabf-565c-b066-038790f0f35b
734,2a658209-5627-59e1-9701-78ca1f3d1d20
735,1a61752d-aee5-5e20-9925-68bcc0b8324d
736,0aa5fd4b-0f4d-5db8-a17d-c297ecbea3fc
737,da9b74d0-1237-5028-b760-71230a5812ff
738,ce9bd8c2-4300-5ff0-b8d5-4a8beeda93b3
739,45f3b7c4-9a7b-5e9c-9ee0-b93717da2a03
740,bbff83f8-b843-59ca-addb-e70d94fc7d6f
741,966f04b4-22f6-5d2c-b036-46b4bbff0377
742,4ca8b3fb-7063-5732-bb2c-bb514c9116f4
743,2944fe70-2fe7-565a-a5fa-6ff864bb4b47
744,8533ecc1-d8db-5feb-b6bf-335406a097c9
745,4ae275d6-79d0-58c7-a134-3708209848eb
746,612b1c2b-e36d-59ca-b725-378cd1a290d6
747,ace050ab-4f50-5f76-8226-7cd06b12edea
748,d65c745b-85d0-5861-a957-e492aa75b8c2
749,9def26cc-53f1-5c79-ba15-4aceb5373dbd
750,f65b343e-0ddc-591a-89aa-6ade5ea0d213
751,d35df644-6b16-5128-9c81-aa8f7f24ed2c
752,79c2a674-f87f-54d0-9246-e4664d9780f2
753,69a18067-3847-5bbc-ae01-eea0efcf4f36
754,e2443e71-7fd2-5337-94eb-2c185812cd54
755,cf5d2fcc-3380-57a9-80de-8e95216f695f
756,a82d18c8-29f3-5770-a4b7-84685dd2cb1b
757,8dd3e860-03f4-517c-bc8a-803037c019ca
758,f1f40e8d-0f76-5d06-a814-c89be9874032
759,bf59aa5c-bd6b-54bf-9f96-592dea0e2848
760,05db08b6-760e-4e4d-a9b9-c319b000fbf8
761,a796fed9-f1fc-59f8-bcad-deebcf0622eb
762,dd10f90e-6e6f-5169-b4ca-69d10f8f5d3e
763,b5f02e99-5703-5b3e-b883-3c56909f8bd5
764,20256d0a-aa0f-5df3-8a1b-fac0391dccb1
765,86cbc5e2-8d5f-597d-8821-05b1b7122d50
766,a24927c4-59f3-53de-941d-cbd6e818ca16
767,c001732c-e12d-5fef-8ef9-ef5ab0b492ca
768,9449ccb4-9abf-5142-8ada-b2d7cb6aabe2
769,3277028a-d18d-59a6-81ec-8124f40512bd
770,6252af72-d9a0-52a8-9242-fcfcb6e217f8
771,5830a46b-441e-5f82-b0d2-11a1c11e64d9
772,7d8cdac8-3bae-5b55-b2d9-7256c2aefb6d
773,0560c338-e6b4-5b86-9c04-2f193fd987bd
774,991a4412-1aa9-58c8-9f15-d94879177483
775,fb0682d6-4b12-59e0-8f6d-9a209d600954
776,62a0fdcc-752e-59fb-9ef6-6e4684c76894
777,d506a312-0f72-57ac-8c02-165a9239c74b
778,07db8bae-98fa-5a9e-850a-a738f4b4e108
779,b6a6f5b6-0111-5527-ac9c-a5e10688f45d
780,9f798b1f-926f-565e-bff4-17f256930762
781,35d6c424-4449-57d9-a846-2fc1a9091c1b
782,ef24f8e8-fc9e-51c7-bf56-e660424f5147
783,ba03e67a-a768-5751-a5ba-bfcc5eff712b
784,cbf7055e-4775-5ff1-820d-fc5f7a960c68
785,2d04aca8-b057-5ac4-bcd4-1a89b769238a
786,47fe53f2-0d9a-558e-9f4d-31fe7718ff39
787,ab2566e3-b32a-5282-9a14-7ad2dfbce0df
788,14d07f48-7004-5851-8f39-52abd8c22cd0
789,518fbc40-e6ca-590c-b4de-2408ae6d96fb
790,0fb3dbb1-1175-5f31-b1c8-f3dccb0b6b18
791,fb06f981-066a-5770-96a8-28aa9c6436f5
792,60729e64-a2ae-5352-93bb-37bcfbd8bf16
793,12c82839-dde2-5cb8-a015-4380c3ad9bb2
794,a9808a7b-53f5-5cd3-9c71-d2471795b909
795,138f337c-5d45-5fdb-9117-89b4aedd1cfe
796,c9f9b964-9581-54ba-91d1-8d97d7922fc1
797,74d58609-34dc-5166-ab97-e6a3bed0bf91
798,7f7b5a99-3c0a-540e-98ec-74e4439864a4
799,8b603145-86c4-5a83-a50d-765fbdbc3e56
